num,sum(qty)
OCG0220,32
OCG0225,32
R34360ONZ,60
R5371ONZ,81
R31528SCB,106
R31313SCB,70
R53004SCB,177
R34162SCB,50
R31390SCB,61
R31105SCB,65
R54010SCB,62
R781766SCB,56
R681781SCB,90
8100001,10
8100002,10
8100003,13
8100004,10
8100005,9
8100006,7
8100007,10
8100009,3
8100010,4
8100011,7
8100012,10
8100013,10
8100014,6
8100015,10
8100016,9
8100017,10
8100018,27
R55034ONZ,395
R55120SCB,78
R55040ONZ,196
R55112ONZ,28
R31384SCB,48
R55126ONZ,15
R34193ONZ,14
R54097ONZ,32
R54168SCB,54
R54156ONZ,50
R54175ONZ,16
R55165ONZ,44
R55098ONZ,4
R55066ONZ,415
R55085ONZ,11
R55108ONZ,36
R55125ONZ,20
R54011ONZ,15
R53027ONZ,80
R34390ONZ,209
8100020,10
R31445SCB,38
R54094ONZ,286
8100022,6
R31444SCB,38
R54109ONZ,296
R31084SCB,38
8100023,4
8100024,23
8100025,6
R31428SCB,84
8100026,10
R55077ONZ,46
8100029,7
8100030,1
R55072ONZ,4
8100068,5
8100067,56
8100064,6
R55069ONZ,142
8100060,10
R55087ONZ,245
8100053,37
8100054,1
R54017ONZ,58
R31496SCB,44
8100058,3
R53026ONZ,75
R982008SCB,46
S991MD,16
8100044,1
8100045,26
8100046,4
8100048,8
S990MD,16
8100041,7
8100043,20
R981050SCB,88
R54098ONZ,88
8100037,9
R54143ONZ,34
8100036,10
P1149CDM,68
8100034,10
8100032,5
P1129CDM,26
8100031,7
P1124CDM,130
P1114CDM,462
P1120CDM,20
8100078,8
S988MD,28
8100073,10
S987MD,19
S986MD,9
S984MD,5
8100071,2
P1119CDM,11
8100070,22
S981MD,14
S977MD,29
S976MD,24
S973MD,7
S969MD,8
S967MD,28
S964MD,8
S963MD,16
S962MD,16
S961MD,12
8100080,10
S959MD,18
P1105CDM,18
S957MD,25
S989MD,23
S956MD,19
8100081,13
P1121CDM,97
S954MD,26
S949MD,30
P1095CDM,1364
S948MD,26
S1024MD,28
8100082,5
P1094CDM,104
S1023MD,14
S1021MD,26
R54166ONZ,6
S1020MD,22
8100083,6
S1011MD,15
S1006MD,29
P1098CDM,23
S1004MD,19
R55054ONZ,479
8100084,7
P1122CDM,38
P1123CDM,130
8100090,4
R55073ONZ,336
8100089,6
P1363CDM,1000
P1091CDM,23
P1090CDM,30
8100088,19
P1084CDM,1676
P1075CDM,597
S505MD,1
P1087CDM,0
P1086CDM,6
8100087,7
8100086,12
S538MD,10
8100085,4
R54100ONZ,134
S546MD,46
P1074CDM,43
P1081CDM,143
P1080CDM,259
R34206ONZ,4
R5580ONZ,122
S559LMD,29
R31520ONZ,11
P1071CDM,70
8100091,1
8100093,3
8100094,8
P396CDM,278
8100095,8
P398CDM,2
R55194ONZ,161
P383CDM,406
S587MD,0
S588MD,11
8100096,5
8100097,8
P1339CDM,150
S599MD,17
8100103,6
S601MD,51
P1068CDM,40
8100102,12
P1061CDM,164
8100101,6
P1058CDM,120
S631MD,41
S636MD,15
8100100,4
S642MD,27
S643MD,30
P1056CDM,328
S646MD,29
P1055CDM,33
P1051CDM,23
S657LMD,31
S658MD,4
P1053CDM,48
S661LMD,27
S662MD,50
8100099,8
8100098,0
S665MD,43
S667MD,31
S670MD,24
S671MD,18
S675MD,27
S662LMD,30
P1044CDM,921
R31607ONZ,24
S696MD,0
8100104,4
S696LMD,81
P1042CDM,96
8100105,3
8100106,7
S701MD,26
S704MD,45
S707LMD,30
8100107,8
S709MD,30
8100108,6
P1046CDM,27
8100110,8
P1045CDM,26
R34363ONZ,72
S715MD,0
S715LMD,45
S720MD,14
8100116,12
S721MD,26
P1031CDM,21
8100115,0
S736LMD,31
S737MD,26
S738MD,14
P1036CDM,24
8100114,8
S739MD,25
8100113,6
S740MD,30
S744MD,20
8100112,8
S742LMD,51
P1040CDM,231
S745MD,19
P1039CDM,35
S746LMD,80
S746MD,0
8100111,12
S747LMD,51
S747MD,0
P1020CDM,14
8100117,8
P1019CDM,11
S748MD,28
S749MD,27
8100118,6
S750MD,1
P1022CDM,0
S751LMD,76
S751MD,0
8100119,8
S752MD,0
8100120,7
S753MD,9
P653CDM,0
S755MD,29
S756LMD,26
P652CDM,92
8100121,3
S757MD,26
8100122,8
S758MD,27
S759MD,28
S760MD,3
S761MD,30
S762MD,28
S763MD,12
P698CDM,0
P699CDM,296
S764MD,13
8100129,4
S765MD,0
P692CDM,9
P696CDM,45
R31037SCB,278
8100127,17
S767MD,26
P667BCDM,43
S769MD,20
8100125,8
S770MD,19
S772MD,30
S773MD,25
P677CDM,7
S774MD,30
S775MD,29
S777MD,18
S778MD,22
8100124,6
S779MD,9
S780MD,40
P674SCDM,49
8100123,1
S784MD,21
S786MD,25
8100130,8
S787LMD,28
S788MD,26
P679CDM,172
S789LMD,30
8100131,15
P676CDM,11
S791MD,27
S794MD,24
S795MD,0
P674BCDM,128
R54030ONZ,96
S795LMD,97
P682CDM,39
S796MD,25
8100133,18
S797MD,30
P681CDM,62
S798MD,27
S800MD,14
S802MD,18
8100134,4
8100135,5
8100165,0
R982036ONZ,56
8100164,8
8100163,8
8100162,7
8100161,4
8100155,4
8100156,20
8100157,8
8100158,8
8100159,7
8100153,22
8100152,18
8100150,11
8100149,12
8100148,6
8100142,8
8100143,6
8100144,4
8100145,4
8100146,6
8100147,6
8100141,6
8100140,16
8100139,7
8100138,21
8100137,8
8100136,8
OCG0687,30
OCG0611,22
OCG0562,30
OCG0563,34
OCG0332,18
OCG0566,0
OCG1120,44
OCG0692,0
OCG0689,38
OCG0658,42
OCG0693,47
OCG0701,98
OCG1102,36
OCG0718,26
OCG0677,38
OCG0699,76
OCG0666,26
OCG0997,40
OCG0735,0
OCG0653,18
OCG0650,154
OCG0649,20
OCG0652,104
OCG0672,11
OCG0795,14
OCG0909,90
OCG0631,74
OCG0747,3
OCG0802,78
OCG0629,84
OCG0801,110
OCG0727,24
OCG1071,9
OCG0549,80
OCG1098,16
OCG0550,118
OCG1028,26
OCG0625,132
OCG0570,135
OCG1097,86
S803MD,26
S805LMD,30
S806MD,26
S807MD,30
S808MD,30
S810MD,14
S809MD,18
S811MD,27
S812MD,27
S813MD,30
S815MD,14
S816MD,22
S818MD,30
S820MD,30
S828MD,15
S829MD,23
S831MD,9
P273CDM,143
S841MD,30
S843MD,18
R55151ONZ,267
R54099ONZ,181
R34207ONZ,62
P323CDM,69
P31CDM,13
P881CDM,98
8100166,4
P52CDM,17
P154CDM,20
8100167,3
P882CDM,174
R5382ONZ,124
S847MD,27
P883CDM,460
8100168,9
P875CDM,119
S848MD,30
S849MD,28
S850MD,22
8100169,10
S851MD,0
S852MD,17
S853MD,30
8100170,0
8100171,8
S856MD,29
S857MD,26
8100177,8
S858MD,27
S860MD,18
8100176,8
S861MD,28
8100175,4
S862MD,29
P242CDM,0
S864MD,30
8100174,8
S865MD,26
S866MD,23
S867MD,27
S868MD,21
P325CDM,27
8100173,8
S869MD,13
S872MD,30
R31559ONZ,2
S873MD,18
S874MD,28
S877MD,25
S882MD,30
R34301ONZ,25
8100172,8
R34498ONZ,48
8100178,8
8100179,6
8100180,18
P332CDM,41
OCG0759,64
P333CDM,30
8100181,8
8100182,9
R55047ONZ,129
8100183,10
R5115ONZ,202
8100189,8
8100188,50
S885MD,30
8100187,26
S887MD,4
S888MD,30
S889MD,2
R54187ONZ,56
S890MD,110
P886CDM,0
8100186,8
S891MD,30
S904MD,21
S906MD,19
OCG0580,4
S908MD,30
8100185,11
OCG1106,72
P370CDM,32
8100184,3
P870CDM,20
S912MD,28
P376CDM,8
P869CDM,50
S914MD,21
8100190,0
OCG0351,24
8100191,8
R34421ONZ,62
8100192,7
OCG1072,0
OCG1027,44
8100193,4
S918MD,25
OCG0510,108
S919MD,44
8100194,3
OCG1109,2
S920MD,28
S921MD,14
P1184CDM,175
OCG1099,10
P409CDM,114
OCG0514,74
8100195,6
S924MD,8
R34400ONZ,92
S927MD,28
8100226,8
P904CDM,22
R31598ONZ,4
OCG0517,82
8100225,5
P413CDM,49
OCG1117,22
S928MD,21
OCG0912,0
8100224,8
S933MD,0
P1204CDM,62
OCG1004,42
S934MD,23
OCG1042,40
S935MD,15
8100222,12
S940MD,4
P913CDM,443
OCG1000,42
R55119ONZ,102
OCG1107,18
P440CDM,30
S941MD,31
8100221,7
S943MD,15
OCG1114,26
R55118ONZ,2
P459CDM,3
OCG1036,56
S946MD,30
8100215,1
S947MD,0
OCG0839,0
P1263CDM,31
OCG0021,38
R55148ONZ,56
OCG0355,32
OCG0849,2
OCG0560,529
P1689CDM,21
R981067ONZ,8
OCG1025,36
R55147ONZ,13
P461CDM,34
OCG1108,30
OCG1032,57
8100217,10
P1688CDM,23
P477CDM,288
P484CDM,10
OCG1002,38
P906CDM,172
P908CDM,221
OCG1030,34
OCG0910,9
OCG1034,38
P1670CDM,40
P1277CDM,35
8100218,10
P503CDM,342
P505CDM,35
P1665CDM,0
8100219,10
P466CDM,37
P888CDM,445
R5381ONZ,95
P1629CDM,71
P889CDM,52
P1628CDM,130
P1623CDM,213
8100220,6
R31514ONZ,86
P923CDM,1122
P470CDM,24
8100214,11
P471CDM,28
P1304CDM,303
P540CDM,68
8100213,8
R5395ONZ,0
8100211,2
R55179ONZ,54
P536CDM,2048
P1315CDM,43
R55171ONZ,20
P1316CDM,87
P507CDM,6
P1328CDM,10
R54116ONZ,0
P1613CDM,37
P1611CDM,64
P1329CDM,29
P529CDM,42
P1610CDM,137
P1330CDM,47
8100212,5
OCG0559,391
R55177ONZ,46
P928CDM,45
R54047ONZ,0
P1554CDM,69
P1331CDM,48
P1332CDM,5
P579CDM,42
OCG0853,54
8100210,0
P580CDM,16
8100209,5
P1549CDM,7
R55083ONZ,403
8100202,7
8100203,8
P1351CDM,22
P584CDM,60
P562CDM,58
P563CDM,3
P571CDM,30
P930CDM,30
8100204,5
P921CDM,22
8100205,5
P553CDM,28
R55071ONZ,0
P1546CDM,45
P1169CDM,513
8100208,0
OCG0760,62
P920CDM,56
R55162ONZ,0
OCG0528,4
P1160CDM,1031
P1540CDM,38
R54070ONZ,94
P1161CDM,563
OCG0829,73
8100201,14
P598CDM,17
P600CDM,41
P1474CDM,58
P935CDM,233
R55176ONZ,5
P601CDM,34
8100200,6
P1468CDM,222
8100199,13
R54080ONZ,4
P1170CDM,63
8100198,8
P918CDM,0
R54050ONZ,0
8100197,6
P602CDM,1
P610CDM,53
OCG0300,34
8100196,4
P606CDM,3
R54127ONZ,8
P1178CDM,33
OCG0539,14
P1425CDM,45
P1179CDM,35
8100232,6
R54181ONZ,10
OCG0541,50
P915ECDM,26
8100231,8
P1420CDM,32
R5599ONZ,0
OCG0523,454
P627CDM,178
8100230,6
P953CDM,23
P634CDM,8
P952CDM,44
P1186CDM,12
P635CDM,8
P954CDM,44
P947CDM,40
P623CDM,33
P649CDM,3
OCG0540,50
P618CDM,5
P1180CDM,78
P617CDM,57
8100227,7
P613CDM,44
OCG0524,311
P1210CDM,2190
P1195CDM,37
8100233,6
OCG0538,28
8100234,4
P636CDM,17
OCG0536,106
P1192CDM,531
8100235,19
OCG0535,59
P1384CDM,25
R5397ONZ,110
R34504ONZ,78
P1379CDM,34
P957CDM,85
OCG0537,144
P1378CDM,282
P782CDM,117
P962CDM,67
P642CDM,1
OCG0678,99
P648CDM,15
P1347CDM,94
P1346CDM,36
8100237,3
P1345CDM,1
P960CDM,34
8100239,1
R581043ONZ,26
P1342CDM,38
OCG0013,18
P1340CDM,75
P961CDM,95
P1325CDM,87
OCG0635,0
R981065ONZ,74
P965CDM,108
8100245,34
P1322CDM,163
P660CDM,2
P661CDM,41
P1240CDM,83
P964CDM,0
P662CDM,10
P963CDM,37
P664CDM,13
P1318CDM,50
P666CDM,32
P1301CDM,0
P1296CDM,171
8100244,12
P941CDM,2
P1264CDM,128
OCG0246,28
P937CDM,21
OCG0245,28
8100242,13
8100241,24
8100240,4
P975CDM,158
P721CDM,118
P976CDM,231
OCG0009,130
P722CDM,13
P1852CDP,127
P723CDM,49
8100246,6
P1211CDM,394
P970CDM,38
P709CDM,46
OCG0327,2
P980CDM,110
8100247,12
P711CDM,85
P720CDM,34
P978CDM,125
8100248,0
P1841CDP,79
P1893CDP,67
P981CDM,185
P1892CDP,61
8100249,27
OCG0010,104
P1874CDP,83
P990CDM,0
P707CDM,76
8100250,12
P1872CDP,90
R31655ONZ,0
P989CDM,62
OCG0876,0
P988CDM,2
8100251,28
P987CDM,50
P1830CDP,126
P1819CDP,39
P1001CDM,62
P726CDM,79
8100257,12
P1003CDM,12
P1808CDP,84
R5365ONZ,34
P729CDM,35
P739CDM,8
P1005CDM,54
P733CDM,15
P1871CDP,123
P731CDM,29
P1004CDM,48
P1799CDP,86
P1796CDP,123
8100255,12
OCG0011,94
P1795CDP,124
P748CDM,11
R982143ONZ,0
P1008CDM,45
P1762CDP,10
P741CDM,158
OCG0268,0
P1007CDM,43
R55038ONZ,45
OCG0438,38
R55049ONZ,12
8100254,21
OCG0628,0
OCG0180,81
P1009CDM,13
R54133ONZ,0
R34505ONZ,28
P760CDM,1
OCG0177,35
P999CDM,194
P1305CDM,57
OCG0313,56
P768CDM,519
P1307CDM,32
P757CDM,83
P998CDM,44
P755CDM,29
P1308CDM,37
P754CDM,44
OCG0234,125
R54090ONZ,60
P1805CDP,12
P1014CDM,63
P1800CDP,84
P749CDM,47
P750CDM,67
P751CDM,16
P752CDM,226
8100287,6
P996CDM,37
OCG0585,15
P1333CDM,41
R55114ONZ,16
P1646CDP,58
P1633CDP,10
R55012ONZ,11
P1611CDP,0
P1337CDM,5
OCG0751,146
R55100ONZ,1
P772CDM,51
P1357CDM,113
R55156ONZ,14
P774CDM,44
P1610CDP,75
8100286,0
R55101ONZ,16
P777CDM,20
R55172ONZ,6
P779CDM,16
OCG0264,65
R54042ONZ,116
P1278CDM,46
P1609CDP,57
R55166ONZ,12
P770CDM,93
8100284,8
OCG0257,135
8100283,1
P1628CDP,62
P413CDP,0
8100277,8
P440CDP,0
P459CDP,56
P461CDP,0
P791CDM,151
8100278,27
P785CDM,948
R54106ONZ,38
P470CDP,17
P471CDP,18
P473CDP,19
OCG0669,70
OCG0691,16
P793CDM,161
P794CDM,91
P484CDP,0
P477CDP,40
P1365CDM,49
8100281,10
8100282,3
P409CDP,20
P396CDP,19
P812CDM,53
P813CDM,145
P376CDP,73
P806CDM,49
R54113ONZ,40
P805CDM,30
P374CDP,131
P804CDM,84
OCG0749,1
P370CDP,101
P795CDM,187
8100274,9
P799CDM,62
P333CDP,0
OCG0178,32
P1368CDM,41
P803CDM,44
P802CDM,19
OCG0348,66
P1372CDM,176
8100273,5
P1453CDM,1
R55184ONZ,238
P1359CDM,75
R55199ONZ,212
8100272,0
R55183ONZ,373
P816CDM,45
P817CDM,64
R54110ONZ,6
P1447CDP,0
P1408CDP,59
P1406CDP,40
8100271,4
P1404CDP,84
P820CDM,171
P819CDM,18
OCG0422,22
P1426CDP,8
OCG0324,50
P369CDP,0
R54108ONZ,46
P1392CDM,0
P532CDP,0
P1403CDP,134
P1393CDM,0
OCG0590,30
R55144ONZ,90
P1394CDM,30
8100264,10
8100265,9
OCG0384,17
R34023ONZ,4
8100266,9
R34236ONZ,52
OCG0753,58
R34491ONZ,16
P1396CDM,24
OCG0371,110
P1342CDP,0
OCG0834,82
OCG0673,220
P1340CDP,20
R34314ONZ,0
P540CDP,24
8100267,8
P824CDM,163
P1330CDP,80
P829CDM,164
OCG0556,0
R53057ONZ,33
8100268,7
P823CDM,92
P1334CDP,70
8100269,3
P830CDM,12
P831CDM,29
OCG0640,74
P1333CDP,64
P1308CDP,0
R54173ONZ,6
8100263,0
P1318CDP,72
P1314CDP,0
P1309CDP,0
P1406CDM,28
R54186ONZ,698
8100262,25
OCG0823,4
8100261,23
R54103ONZ,64
OCG0828,60
8100260,10
OCG0642,152
R55081ONZ,2
P1409CDM,46
8100259,8
OCG0630,18
P835CDM,47
P1195CDP,16
8100296,9
P1186CDP,17
P838CDM,14
R34313ONZ,4
P837CDM,13
P1180CDP,0
8100295,9
P1179CDP,69
OCG0303,44
OCG0626,94
R34055ONZ,9
P228CDP,5
8100293,13
R34403ONZ,277
P323CDP,0
P1403CDM,110
OCG0741,32
P840FCDM,106
P332CDP,0
8100292,4
R34264ONZ,4
8100290,10
R982354ONZ,66
P562CDP,0
P841CDM,154
OCG0773,4
R53054ONZ,32
R34258ONZ,2
R34265ONZ,4
OCG0827,2
P666CDP,0
R34367ONZ,8
R31532ONZ,182
P661CDP,12
P659CDP,0
P1404CDM,42
P1170CDP,0
OCG0738,24
R34299ONZ,54
P1405CDM,1
P1178CDP,0
8100297,24
R31204ONZ,8
P1091CDP,0
8100298,9
P1090CDP,0
8100299,5
OCG0787,170
P650CDP,0
P1074CDP,77
P648CDP,24
P1075CDP,16
OCG0732,78
P840MCDM,145
P1073CDP,0
P843CDM,139
P647CDP,0
OCG0835,87
P844CDM,34
P1444CDM,147
P847CDM,69
8100301,4
P635CDP,0
P627CDP,0
P1068CDP,24
P613CDP,30
8100302,9
P617CDP,55
P618CDP,46
P619CDP,12
R34256ONZ,88
OCG0786,6
P667BCDP,0
P674BCDP,20
P1105CDP,23
R34255ONZ,45
P1122CDP,4
P674SCDP,17
OCG0793,224
OCG0293,24
P1149CDP,18
R34396ONZ,138
OCG0771,14
P676CDP,75
P1426CDM,58
R34397ONZ,152
P700CDP,0
P699CDP,180
R34348ONZ,34
P1301CDP,49
P696CDP,48
P1345CDP,0
P859CDM,43
OCG0763,1
P864CDM,75
P1351CDP,14
P680CDP,0
P857CDM,79
P610CDP,0
P1379CDP,24
P858CDM,18
P1384CDP,78
8100310,12
R981956ONZ,10
P601CDP,21
8100309,12
P600CDP,0
R53045ONZ,0
OCG0750,1
P598CDP,81
P710CDP,36
OCG0737,32
P1465CDP,60
P1455CDM,70
OCG0716,32
P584CDP,25
8100308,8
P580CDP,74
R980969ONZ,108
R34140ONZ,32
OCG0731,61
P655CDP,34
R31615ONZ,26
P711CDP,0
P709CDP,0
P1479CDM,91
P707CDP,3
OCG0350,0
P595CDP,0
P1498CDM,14
8100306,7
P579CDP,69
P571CDP,78
OCG0717,88
8100305,3
P853CDM,31
P848CDM,2
R681953ONZ,43
R34231ONZ,46
P855CDM,279
P1479CDP,89
R34215ONZ,34
P865CDM,318
P866CDM,0
OCG0880,67
P867CDM,7
8100311,7
P868CDM,485
R781766ONZ,58
R31549ONZ,76
OCG0588,8
P1504CDM,2
P1554CDP,12
P771CDP,0
R31432ONZ,428
P772CDP,34
OCG0719,20
OCG0029,28
P774CDP,72
P1521CDM,465
R981050ONZ,52
8100312,5
OCG0736,16
P1711CDM,38
R31526ONZ,1
OCG0519,87
R31287ONZ,6
8100313,7
OCG0720,18
OCG0240,185
R31288ONZ,28
8100314,7
OCG0389,0
P1729CDM,79
8100318,21
P1730CDM,62
P1656CDP,59
R34414ONZ,3
P1731CDM,163
P1510CDM,35
P1562CDP,0
8100319,10
OCG0836,60
8100325,7
P1733CDM,53
P1561CDM,220
R54198ONZ,10
OCG0050,2
8100324,6
P1734CDM,335
P1653CDP,0
P1565CDM,107
8100323,8
R34126ONZ,72
P1736CDM,20
P1585CDM,359
P1737CDM,208
P1584CDM,124
P1744CDM,359
P723CDP,0
P1759CDM,438
8100322,5
P1578CDM,1174
R31333ONZ,21
OCG0552,82
8100321,6
P1609CDM,113
R31309ONZ,14
P1608CDM,0
OCG0501,44
R31497ONZ,88
8100320,12
P1731CDP,75
P1762CDM,57
OCG0507,2
P1596CDM,1061
R31153ONZ,34
P1733CDP,117
P1592CDM,69
8100354,11
R31394ONZ,36
8100353,3
P1796CDM,115
R31253ONZ,77
P1795CDM,71
8100352,25
P1736CDP,35
R31172ONZ,80
P777CDP,70
P1630CDM,2
P1897CDP,147
P1632CDM,984
R31459ONZ,6
OCG0334,0
P794CDP,52
P1799CDM,62
R31460ONZ,42
8100351,10
P791CDP,24
P1898CDP,58
P760CDP,0
R31489ONZ,93
P757CDP,51
P1903CDP,139
P755CDP,101
8100350,3
P1633CDM,157
R31493ONZ,6
P754CDP,197
P2094CDP,0
P750CDP,17
P730CDP,84
P733CDP,78
P1634CDM,37
OCG0295,28
P746CDP,12
P748CDP,0
8100344,37
R31365ONZ,677
R34218ONZ,4
R31373ONZ,645
P1646CDM,25
P1800CDM,127
P798CDP,75
OCG0093,112
P799CDP,140
P803CDP,29
P1636CDM,122
R31431ONZ,3
8100345,0
P804CDP,0
R681952ONZ,36
R31430ONZ,90
P721CDP,0
P1707CDP,0
P722CDP,74
R581045ONZ,2
P726CDP,0
P1699CDP,87
P729CDP,72
8100346,11
R681938ONZ,18
8100347,6
R31480ONZ,11
P1697CDP,0
P812CDP,50
P813CDP,0
P1808CDM,14
OCG0548,68
P1811CDM,32
P1694CDP,1
P1656CDM,139
8100348,30
P1691CDP,0
P1814CDM,38
8100343,2
OCG0032,86
R34317ONZ,4
8100342,10
P843CDP,0
P844CDP,36
P1819CDM,99
P848CDP,0
P1827CDM,275
R54029ONZ,22
OCG0209,54
P1663CDM,1
R31250ONZ,19
P1841CDM,58
OCG0341,20
8100340,16
P853CDP,0
P1663CDP,0
R982044ONZ,32
OCG0497,78
P858CDP,20
OCG0273,54
P868CDP,4
8100339,10
P867CDP,0
OCG0547,119
P1830CDM,109
P864CDP,5
R54032ONZ,87
P1547CDP,26
R31254ONZ,0
P1540CDP,103
R31300ONZ,8
R54152ONZ,2
P1510CDP,72
R54130ONZ,30
OCG0512,98
OCG0272,2
8100332,5
P1376CDP,0
R54131ONZ,2
R981957ONZ,52
P838CDP,82
R34380ONZ,106
P1847CDM,94
P1372CDP,142
OCG0443,100
P837CDP,79
8100333,8
P835CDP,0
8100334,12
P831CDP,83
P1691CDM,25
P1371CDP,137
OCG0136,0
R34426ONZ,299
R55036ONZ,200
R34175ONZ,30
P1852CDM,120
P1855CDM,60
R34178ONZ,11
8100335,4
R981066ONZ,72
R55039ONZ,196
OCG0504,6
R31494ONZ,60
OCG0493,82
P1697CDM,72
OCG0222,491
R31540ONZ,34
R34263ONZ,34
R681939ONZ,26
OCG0343,4
R53025ONZ,88
R55175ONZ,54
R31438ONZ,15
P1699CDM,38
R53011ONZ,64
OCG0492,90
R53024ONZ,4
R31661ONZ,4
R31496ONZ,57
R53021ONZ,304
R31452ONZ,41
R31417ONZ,66
R31499ONZ,12
8100336,0
R31498ONZ,198
OCG0322,10
R53019ONZ,62
8100337,3
OCG0309,18
R34286ONZ,2
R31056ONZ,132
R31495ONZ,29
R53063ONZ,4
R34219ONZ,26
8100331,5
OCG0186,0
R55155ONZ,64
8100330,10
OCG0859,47
8100329,9
R34412ONZ,46
R34371ONZ,7
8100328,0
8100327,10
8100326,7
R34395ONZ,48
OCG0482,41
R53064ONZ,0
R31428ONZ,3
R34266ONZ,22
P872CDP,0
P871CDP,72
P870CDP,124
P1287CDP,0
P869CDP,0
P1279CDP,60
P829CDP,0
P1277CDP,21
P1871CDM,31
P1263CDP,23
P820CDP,31
P1872CDM,26
P1121CDP,24
P1120CDP,135
P1119CDP,21
P1874CDM,46
P1893CDM,71
P1898CDM,40
P1903CDM,102
P816CDP,17
OCG0307,2
P817CDP,29
P819CDP,40
OCG0320,4
P1917CDM,137
P873CDP,24
P874CDP,12
P1968CDM,107
P875CDP,20
P1977CDM,52
P2042CDM,52
P2065CDM,13
P2094CDM,204
P881CDP,104
OCG0480,70
P876CDP,141
OCG0306,26
P1030CDP,20
P1028CDP,69
P1022CDP,114
P1020CDP,68
P1019CDP,27
P882CDP,21
P1008CDP,0
P888CDP,0
P1009CDP,0
OCG0133,76
P1014CDP,109
P889CDP,162
P1015CDP,0
P1004CDP,0
P1005CDP,0
P1007CDP,0
P884CDP,0
P989CDP,78
P997CDP,0
P998CDP,40
P885CDP,0
P886CDP,0
R34233ONZ,6
R34324ONZ,38
R31504ONZ,122
OCG0127,62
P893CDP,0
P948CDP,0
P892CDP,0
R31323ONZ,2
P952CDP,0
P947CDP,40
P946CDP,0
P953CDP,4
P945CDP,8
8100355,9
P962CDP,1
R34357ONZ,20
P963CDP,0
8100356,0
P941CDP,46
P965CDP,0
P954CDP,103
P957CDP,0
OCG0496,20
8100357,5
P960CDP,42
P928CDP,82
OCG0503,40
OCG0140,116
P934CDP,4
P935CDP,0
P937CDP,0
OCG0423,38
8100358,5
8100359,10
OCG0143,80
P904CDP,16
P969CDP,71
P900CDP,0
8100360,12
OCG0141,94
OCG0860,20
R582038ONZ,72
P922CDP,0
P921CDP,13
P920CDP,61
8100361,24
OCG0278,8
P980CDP,28
R34376ONZ,30
OCG0447,30
8100362,10
P987CDP,149
OCG0208,65
8100363,12
OCG0448,22
P975CDP,1
OCG0335,0
P1031CDP,19
8100364,1
R31348ONZ,10
8100365,10
P1036CDP,0
OCG0046,64
8100367,12
R31463ONZ,141
R31634ONZ,32
P1040CDP,0
P1051CDP,0
R55202ONZ,7
P1045CDP,46
OCG0315,0
8100368,5
OCG0809,44
R31336SNZ,8
R981779ONZ,86
8100385,8
OCG0111,97
R981019ONZ,88
OCG0344,38
8100383,12
R31571ONZ,142
8100382,12
R31589ONZ,90
R31357ONZ,53
R31075ONZ,6
OCG0298,10
8100381,11
R31542SNZ,5
R31603SNZ,1
OCG0360,4
8100380,0
8100379,12
R781109ONZ,40
OCG0376,42
R31061ONZ,2
OCG0100,4
OCG0799,4
R31635ONZ,143
R55160SNZ,20
R31445ONZ,30
R31444ONZ,29
OCG0311,119
8100378,9
OCG0336,26
8100377,5
OCG0212,30
R31425SNZ,2
OCG0210,29
R55120ONZ,0
OCG0203,46
8100376,27
OCG0373,40
8100375,11
OCG0252,38
8100374,47
R3218SNZ,12
8100373,7
8100372,18
OCG0419,14
R31245ONZ,122
8100371,9
8100391,6
R981421ONZ,1
8100390,8
R980984ONZ,25
OCG0226,0
8100389,12
OCG0211,30
R54161SNZ,44
R31479ONZ,20
R31250SNZ,38
R31347ONZ,338
8100388,3
OCG0096,50
R31545SNZ,24
R53001ONZ,104
R54161ONZ,160
8100387,1
8100386,10
OCG0251,22
OCG0297,100
OCG0292,30
R31463SNZ,56
8100392,10
8100393,19
OCG0242,81
R31418SCB,30
OCG0270,22
8100394,8
R31446SNZ,32
R31306SCB,195
R31348SCB,0
8100395,8
R31463SCB,91
8100398,6
R31349ONZ,48
R31464SCB,86
R31314SCB,155
R55069SNZ,119
R31050SCB,199
8100399,12
OCG0266,15
R31356SCB,11
8100405,6
R31427SCB,212
R31523SCB,9
R31522SCB,11
8100404,10
R5396SCB,240
R53001SCB,190
OCG0271,24
R31339SCB,28
R53010SCB,122
8100403,8
R5399SCB,424
R31340SCB,14
R55151SNZ,24
R3295SCB,364
R34208ONZ,22
R31294SCB,4
R53012SNZ,82
R31275SCB,469
8100402,7
OCG0248,2
R31316SCB,254
8100401,10
R31315SCB,240
R31329SCB,108
OCG0097,44
R53022ONZ,137
8100406,5
R3295ONZ,396
R54074SNZ,53
8100407,14
R54124SNZ,15
R31311ONZ,748
R31403SCB,9
8100408,4
R53043SNZ,1
R55080ONZ,141
8100409,23
R55094ONZ,8
R5115SCB,287
AFN0325,8
AFN0333,26
OCG0301,26
R5360SCB,22
8100410,12
AFN0369,10
OCG0302,26
R31567SCB,0
8100411,6
AFN0370,28
OCG0144,4
AFN0503,226
OCG0260,60
R53000ONZ,2
AFN0505,27
R31202ONZ,0
8100415,12
AFN0506,9
R31396SCB,8
R55093ONZ,257
R31304ONZ,150
R55174ONZ,24
AFN0529,24
AFN0530,8
OCG0274,60
8100413,9
AFN0473,19
8100412,24
R5356ONZ,40
AFN0476,37
AFN0477,374
R5396ONZ,16
R31042SCB,2
AFN0484,23
OCG0396,4
OCG0236,28
R5119SCB,148
AFN0374,38
OCG0237,29
AFN0376,29
R31401ONZ,77
R5118SCB,156
R55178ONZ,538
8100446,6
R31488ONZ,117
R55174SCB,287
8100445,12
R55178SCB,194
8100444,8
OCG0283,26
AFN0383,347
OCG0247,4
R55085SCB,152
AFN0391,27
AFN0396,20
R55157SCB,38
R55108SCB,20
AFN0409,26
8100443,18
R55163SCB,16
AFN0412,12
AFN0413,25
R53043ONZ,414
8100442,4
OCG0197,0
AFN0436,19
AFN0440,20
R55072SCB,224
AFN0459,27
8100441,8
AFN0461,12
R31457ONZ,46
OCG0195,4
R55097SCB,1152
AFN0464,47
OCG0280,26
8100435,9
AFN0470,28
R55150SCB,330
AFN0471,26
R55151SCB,326
AFN0572,40
AFN0579,46
8100436,11
R55054SCB,643
OCG0267,16
AFN0580,30
R54125SNZ,78
AFN0584,30
R53010ONZ,18
OCG0263,10
AFN0588,39
AFN0598,68
OCG0189,0
R54017OCB,0
8100439,7
OCG0168,39
R31455ONZ,130
AFN0600,20
AFN0606,0
AFN0601,21
R31275ONZ,774
OCG0872,108
AFN0610,26
8100440,12
OCG0862,95
AFN0627,85
R31372ONZ,550
R31555ONZ,0
AFN0619,27
OCG0109,26
AFN0618,23
AFN0617,40
8100434,3
AFN0613,24
R31084ONZ,58
R31244ONZ,38
AFN0571,29
R55054SNZ,506
AFN0564,48
AFN0563,29
8100433,3
8100432,6
AFN0562,20
8100431,6
AFN0560,59
R31243ONZ,127
AFN0558,39
8100430,7
R31057ONZ,46
R31283ONZ,12
AFN0556,6
8100429,12
AFN0540,11
OCG0137,240
R31306ONZ,18
AFN0536,1
8100423,8
AFN0532,12
R31464ONZ,14
AFN0635,19
8100424,3
R31550ONZ,6
R31418ONZ,110
8100425,5
OCG0282,36
R31569ONZ,0
R31389ONZ,25
8100426,2
R31050ONZ,277
8100427,0
OCG0255,26
8100428,2
OCG0281,40
8100422,8
R31337ONZ,802
OCG0131,56
8100421,11
OCG0277,42
OCG0261,52
8100420,8
OCG0250,46
R31315ONZ,386
8100419,20
R31316ONZ,12
8100418,6
AFN0636,10
R31261ONZ,59
AFN0641,46
R31392ONZ,49
AFN0647,10
AFN0648,24
R31314ONZ,20
R54160SCB,61
R31277ONZ,36
R31542ONZ,418
8100452,19
R31312ONZ,114
OCG0223,30
OCG0782,116
8100451,7
8100450,6
OCG0214,68
8100449,10
OCG0822,116
OCG0217,18
8100448,6
8100447,12
R31512ONZ,49
OCG0826,147
8100453,1
OCG0087,142
8100455,12
R31356ONZ,12
OCG0103,48
OCG0632,28
R31244SCB,64
8100457,3
8100458,14
R54124ONZ,65
OCG0319,0
OCG0633,22
R31601ONZ,345
R31420ONZ,1187
8100463,8
OCG0619,20
OCG0216,32
R31553ONZ,183
8100461,2
OCG0620,22
R53062ONZ,4
R53061ONZ,44
OCG0207,0
R31438SNZ,74
R54088ONZ,104
8100464,12
OCG0221,36
8100465,0
R34409SCB,5
8100466,23
R31509ONZ,118
OCG0229,168
8100467,3
8100468,4
R31367ONZ,77
R31491SCB,56
8100469,26
OCG0179,232
OCG0253,14
8100474,1
OCG0187,230
8100473,10
8100472,14
8100471,7
8100470,2
8100502,0
R34395SNZ,32
R31611SNZ,76
OCG1007,0
R34295ONZ,28
8100501,52
R31158ONZ,33
8100499,24
R31483ONZ,387
8100498,2
R31434ONZ,664
OCG0022,41
R34175SCB,15
R34254ONZ,0
OCG0329,0
R34269ONZ,8
8100493,4
R31482ONZ,288
R31521ONZ,26
R31510ONZ,18
R34255SCB,55
8100495,19
R31491ONZ,28
AFN0650,19
R31505ONZ,2004
AFN0652,65
8100496,10
AFN0658,47
R31429ONZ,2
AFN0659,22
8100497,10
AFN0720,29
OCG0071,36
AFN0721,67
AFN0722,26
8100491,10
OCG0284,38
AFN0723,24
8100490,0
AFN0704,24
OCG0088,28
8100489,16
AFN0707,26
AFN0709,27
8100488,6
R34173ONZ,104
AFN0710,22
R31412ONZ,302
AFN0661,26
AFN0664,48
R34422ONZ,1
AFN0665,10
R34370ONZ,0
AFN0666,36
R31433ONZ,2
AFN0667B,48
OCG0157,34
AFN0670,28
8100486,0
AFN0674B,3
OCG0328,0
AFN0677,30
8100480,16
AFN0679,15
AFN0680,22
AFN0683,5
8100481,11
8100482,8
OCG0182,43
OCG0333,109
8100483,37
AFN0687,62
R5399ONZ,324
R31416ONZ,88
AFN0699,466
R31368ONZ,10
AFN0700,10
OCG0337,42
8100485,0
AFN0748,26
8100479,10
AFN0749,42
8100478,11
AFN0750,47
R31043ONZ,140
OCG0779,16
OCG0838,12
8100477,9
OCG0276,185
R31247ONZ,225
AFN0751,46
OCG0863,2
AFN0754,30
8100476,9
R31600SNZ,152
AFN0757,42
OCG0275,32
R34203ONZ,32
8100475,0
8100508,22
AFN0758,27
AFN0760,17
AFN0762,21
AFN0775,48
AFN0774,28
AFN0771,22
AFN0770,38
AFN0768,62
AFN0746,28
AFN0741,20
AFN0733,25
AFN0732,10
AFN0731,18
R31308ONZ,2
R31163ONZ,82
R982008SNZ,98
AFN0730,13
R31269ONZ,21
AFN0729,52
AFN0728,50
AFN0727,39
AFN0726,66
OCG0370,8
AFN0777,27
R31151ONZ,8
R31058ONZ,41
AFN0779,6
8100507,18
8100506,4
AFN0781,138
8100505,5
AFN0782,7
8100504,9
OCG0215,8
R31294ONZ,61
OCG0867,110
R31437SNZ,80
AFN0803,25
OCG0149,20
R31197ONZ,4
8100510,14
AFN0804,138
8100503,7
R31554ONZ,20
AFN0805,38
AFN0806,34
8100512,9
R31267ONZ,16
AFN0813,25
8100513,0
8100514,15
AFN0816,27
8100519,3
8100518,0
8100517,0
AFN0819,24
8100516,14
AFN0820,65
AFN0822,0
8100515,26
R31336ONZ,200
OCG0160,220
AFN0830,23
AFN0829,10
8100524,3
AFN0828,1
AFN0824,32
R981165SNZ,64
8100523,5
R31329ONZ,51
AFN0823,7
AFN0801,48
OCG0522,28
AFN0799,48
OCG0228,96
AFN0798,27
8100522,44
AFN0795,10
OCG0108,295
R31543ONZ,285
AFN0794,10
R31571SNZ,122
OCG0231,36
R31421ONZ,20
AFN0790,20
AFN0791,198
AFN0792,374
R31382ONZ,0
8100521,6
AFN0793,141
AFN0831,25
AFN0835,17
AFN0837,24
R54117SCB,4
AFN0838,23
AFN0840M,47
OCG0317,1
8100529,32
AFN0841,15
AFN0843,185
8100528,17
AFN0844,13
AFN0847,23
AFN0848,25
8100526,0
AFN0881,199
AFN0882,254
8100525,10
R55070SCB,0
8100562,0
OCG0090,22
8100561,8
R54071ONZ,0
8100560,12
OCG0074,52
8100559,6
AFN0883,397
R54072ONZ,2
AFN0884,0
8100558,6
R981050SNZ,42
AFN0876,32
AFN0875,15
AFN0874,18
8100557,6
AFN0873,40
AFN0872,20
R31400SNZ,44
AFN0871,21
AFN0857,15
R31325ONZ,320
8100551,6
AFN0856,322
OCG0518,24
AFN0853,34
AFN0850,26
R31477ONZ,24
AFN0858,10
OCG0020,44
R31435ONZ,216
8100552,9
R980969SNZ,90
8100553,6
AFN0859,21
8100554,6
8100555,3
8100556,5
R54160ONZ,41
AFN0864,37
AFN0865,72
8100545,10
AFN0867,9
R31425ONZ,19
R54121ONZ,2
AFN0869,44
AFN0870,25
8100546,8
8100547,28
AFN0908,15
8100548,4
AFN0909,41
AFN0912,14
8100549,10
R31363ONZ,566
8100550,6
AFN0913,445
R31366ONZ,10
AFN0920,28
AFN0921,21
AFN0922,14
8100542,12
AFN0923,4
8100541,4
AFN0934,248
AFN0931,54
AFN0930,18
R31469ONZ,186
8100540,11
AFN0929,39
AFN0928,26
AFN0904,24
8100531,19
AFN0898,0
8100532,25
AFN0897,48
AFN0892,10
R31270CCB,1
8100533,10
AFN0886,12
AFN0888,0
8100535,0
AFN0889,22
AFN0891,45
AFN0935,182
AFN0937,23
8100536,0
AFN0939,7
AFN0940,48
8100538,6
AFN0945,170
AFN0946,33
AFN0947,23
8100568,11
AFN0948,0
AFN0952,2
AFN0953,21
AFN0997,38
8100567,6
AFN0998,22
AFN0999,189
8100566,6
AFN0989,25
8100565,6
AFN0987,19
8100564,6
AFN0981,29
AFN0961,12
R31539ONZ,23
AFN0960,14
AFN0957,37
AFN0956,1
AFN0954,6
AFN0970,15
AFN0969,73
AFN0965,31
R31468ONZ,330
AFN0963,19
8100569,12
R34064ONZ,95
AFN0962,20
8100570,9
8100571,12
AFN0976,0
8100572,12
R31440ONZ,217
AFN1019,22
AFN1020,21
8100574,4
AFN1022,20
8100580,6
8100579,12
AFN1030,26
8100578,30
8100577,6
8100576,4
8100575,6
AFN1033,13
AFN1035,21
AFN1036,19
AFN1037,22
8100581,0
AFN1038,25
8100582,5
AFN1039,17
8100583,9
AFN1044,55
AFN1041,141
AFN1040,57
AFN1015,75
AFN1014,54
AFN1009,19
AFN1001,35
AFN1004,3
8100584,11
AFN1007,19
AFN1008,25
AFN1051,22
8100585,1
AFN1053,15
AFN1055,14
8100586,19
AFN1056,64
AFN1057,10
AFN1058,41
AFN1060,3
AFN1061,1
8100591,10
AFN1067,22
AFN1068,45
AFN1103,56
8100590,10
AFN1104,47
AFN1107,44
AFN1100,0
8100588,0
AFN1093,22
AFN1075,225
AFN1074,31
8100587,0
AFN1073,17
AFN1071,38
AFN1070,33
8100620,12
AFN1079,47
8100619,2
AFN1080,40
AFN1081,5
AFN1083,16
AFN1088,0
AFN1090,20
AFN1091,23
8100617,9
8100616,8
AFN1149,25
8100610,11
AFN1156,24
8100611,2
8100612,4
8100613,0
AFN1159,376
8100614,3
AFN1160,158
AFN1161,0
AFN1169,44
AFN1170,124
AFN1171,21
AFN1172,1
8100609,36
R31493SCB,106
R54044SCB,0
R54047SCB,18
R34303SCB,72
8100606,15
R53048SCB,0
8100605,12
AFN1186,24
8100604,21
AFN1180,20
AFN1179,24
8100598,3
AFN1129,19
AFN1124,28
AFN1123,33
AFN1122,26
AFN1121,24
8100600,28
8100601,18
AFN1118,32
AFN1119,22
AFN1120,20
8100602,5
AFN1188,6
AFN1192,386
8100603,32
R53007SCB,40
8100597,7
AFN1195,27
AFN1204,21
8100596,6
R31499SCB,80
AFN1259,0
8100595,5
AFN1264,132
8100594,4
AFN1316,17
AFN1317,44
AFN1325,27
AFN1309,0
AFN1308,3
AFN1305,8
8100625,4
AFN1278,13
AFN1277,27
8100624,5
8100623,0
8100622,39
R55155SCB,20
8100621,13
R31526SCB,118
8100627,6
R31422SCB,14
8100628,6
8100629,0
AFN1275,230
R31546SCB,16
AFN1274,13
8100630,5
8100631,6
AFN1279,4
AFN1287,33
R31531SCB,104
8100637,4
8100636,0
8100635,15
AFN1295,70
AFN1296,1
R31460SCB,4
8100634,11
R31548SCB,18
AFN1301,11
AFN1302,0
8100633,6
8100632,6
R55133SCB,1118
R31495SCB,12
8100638,2
8100639,9
8100640,6
8100641,12
R31438SCB,12
8100643,35
8100650,34
8100649,0
8100648,26
8100647,5
8100646,5
8100644,3
AFN1328,13
AFN1329,19
AFN1331,21
AFN1332,5
AFN1378,14
AFN1381,18
AFN1384,21
AFN1372,42
AFN1371,43
AFN1362,21
AFN1340,9
AFN1339,16
AFN1337,2
AFN1334,8
AFN1333,38
AFN1341,19
AFN1345,7
AFN1346,0
AFN1347,9
AFN1351,22
AFN1352,18
AFN1357,21
AFN1358,30
AFN1361,6
AFN1408,43
AFN1412,12
AFN1415,38
AFN1422,0
AFN1430,0
AFN1442,48
AFN1453,14
AFN1451,0
AFN1447,25
AFN1446,48
AFN1406,69
AFN1404,22
AFN1403,47
AFN1394,8
AFN1396,15
AFN1399,40
AFN1463,29
AFN1465,4
AFN1467,2
AFN1468,9
AFN1479,36
AFN1490,21
AFN1498,0
AFN1585,0
AFN1592,0
AFN1602,13
AFN1565,0
AFN1564,40
AFN1563,41
AFN1510,18
AFN1509,2
AFN1540,31
AFN1548,46
AFN1554,36
AFN1557,48
AFN1558,48
AFN1559,47
AFN1562,3
AFN1631,40
AFN1633,37
AFN1636,23
AFN1646,72
AFN1647,10
AFN1653,3
AFN1654,0
AFN1666,48
AFN1663,35
AFN1658,46
AFN1657,39
AFN1656,21
AFN1630,20
AFN1628,35
AFN1618,38
AFN1608,42
AFN1609,44
AFN1610,27
AFN1611,0
AFN1675,47
AFN1680,1
AFN1686,48
R31387SNZ,0
8100651,8
8100652,10
8100653,0
R54012SCB,2
R55150SNZ,40
R34180SCB,1
R31428SNZ,20
AFN1687,28
AFN1691,9
AFN1693,37
AFN1697,74
R53001SNZ,56
AFN1746,35
8100654,2
8100655,9
AFN1754,46
R31299SCB,28
8100656,4
AFN1760,40
R31232SCB,2
8100657,24
8100658,9
R31554SNZ,18
8100660,10
R34203SNZ,0
R34265SCB,1
8100661,2
8100662,30
8100663,8
R34414SCB,100
8100664,9
8100666,7
R31172SCB,42
R34272SCB,22
R31253SCB,44
8100667,5
8100686,10
R5485SCB,15
R34212SCB,15
R34210SCB,4
8100676,12
R31287SCB,4
8100678,0
R31333SCB,44
8100679,27
R31291SCB,2
8100680,9
R31361SCB,2
8100683,6
R5356SCB,32
R5373SCB,4
8100675,8
R34395SCB,34
R31052SCB,3
8100672,5
R31393SCB,6
R34368SCB,34
8100671,5
R31383SCB,2
R31057SCB,29
8100670,5
8100669,7
8100668,7
R54006SCB,6
R34491SCB,50
R31497SCB,50
R3464SCB,20
R31391SCB,8
R31386SCB,10
R31377SCB,10
AFN1761,0
R5397SCB,6
AFN1771,65
AFN1762,26
AFN1774,30
AFN1775,2
AFN1779,51
AFN1816,18
R55131SCB,54
AFN1818S,30
R34101SNZ,0
R53008SCB,22
AFN1819,97
AFN1821,82
AFN1814,20
R31056SCB,142
R31250SCB,4
R34422SCB,14
AFN1811,1
AFN1810,43
AFN1809,29
AFN1793,5
R53026SNZ,72
R53022SNZ,19
R31437SCB,20
AFN1791,21
R34143SNZ,18
AFN1790,49
R55038SNZ,41
R31591SCB,32
R31541SCB,6
AFN1784,33
AFN1783,70
AFN1794,69
AFN1795,78
AFN1796,106
AFN1800,15
AFN1801,32
AFN1802,17
AFN1803,43
AFN1805,53
AFN1808,31
AFN1840,48
AFN1841,48
R31417SCB,20
AFN1846,0
R5484SCB,2
R54118SCB,10
R31452SCB,40
R31416SCB,16
R31340SNZ,2
AFN1852,42
R53013SCB,16
R31453SCB,36
R5371SNZ,18
R55169SCB,2
R55047SNZ,94
AFN1853,46
R31480SCB,90
R53021SNZ,0
R53027SNZ,32
AFN1854,47
AFN1865,88
AFN1864,37
AFN1860,47
AFN1855,22
AFN1839,36
R53062SCB,3
AFN1835,47
R34023SCB,45
AFN1826,40
AFN1828,32
R54112SCB,26
AFN1830,47
R54079SCB,90
AFN1866,97
R55060SCB,4
R54172SCB,0
R54087SCB,0
R54173SCB,12
AFN1871,32
AFN1872,12
R54132SCB,10
AFN1874,74
R55074SCB,40
AFN1875,87
R55095SCB,32
AFN1877,46
AFN1878,0
AFN1886,84
AFN1892,9
AFN1893,19
AFN1968,48
AFN1956,48
R55012SCB,44
R55057SNZ,0
AFN1971,38
R55011SCB,6
AFN1977,50
AFN2018,45
R54036SCB,18
AFN1954,0
R55177SCB,11
AFN1936,42
AFN1934,56
AFN1924,40
AFN1923,95
AFN1898,91
AFN1896,5
AFN1895,17
R54108SCB,4
AFN1901,62
AFN1903,45
R55079SCB,9
R31624SCB,4
AFN1913,3
AFN1912,0
AFN1910,47
AFN1914,40
R55066SCB,402
AFN1915,42
R55084SCB,240
AFN1917,79
AFN1921,56
AFN2074,10
AFN2076,127
AFN2089,99
AFN2081,41
R55127SCB,5
AFN2065,29
AFN2050,46
AFN2049,41
AFN2045,11
R55160SCB,75
AFN2042,36
R31440SCB,190
R31373SCB,254
AFN2025,93
AFN2032,60
AFN2037,142
AFN2038,29
R55148SCB,156
R34390SCB,150
R34100SCB,5
R34317SCB,20
R31247SCB,126
R31509SCB,2
R55069SCB,86
R55112SCB,20
R31326SCB,42
R31554SCB,50
R55125SCB,228
R31434SCB,642
R31542SCB,152
R31433SCB,231
R34203SCB,111
R31555SCB,70
R31273SCB,8
R31337SCB,348
R31465SCB,56
R31336SCB,68
R5375SCB,30
R5362SCB,2
R31583SCB,58
R31387SCB,241
R31543SCB,132
R31421SCB,10
R31362SCB,2
R3287SCB,236
R31520SCB,52
R31450SCB,3
R31322SCB,24
R582034SCB,351
R31635SCB,134
R31179SCB,40
R31147SCB,20
R981165SCB,18
R3296SCB,30
R31626SCB,110
R31318SCB,92
R31603SCB,392
R31585SCB,0
R981199SCB,24
R980981SCB,24
R31648SCB,28
R54199SCB,100
R54198SCB,43
R982104SCB,20
R781769SCB,38
R981065SCB,6
R34445SCB,54
R34444SCB,30
R34330SCB,32
R980984SCB,6
R981957SCB,30
R34342SCB,0
R54089ONZ,92
R34507SCB,46
R781109SCB,60
R981773SCB,2
R31595SCB,14
R982073SCB,0
R54172ONZ,6
R981956SCB,0
R981503SCB,152
R981779SCB,52
R31427ONZ,4
R981019SCB,24
R982044SCB,0
R681939SCB,76
R53004ONZ,208
R53036ONZ,693
R31312SCB,348
R54122ONZ,22
R55074ONZ,16
R54123ONZ,1011
R31270SCB,541
R31149OCB,0
R31317SCB,48
R31455SCB,212
R31257SCB,1474
R53044ONZ,40
R53038SCB,1373
R53036SCB,439
R34409ONZ,30
R53043SCB,266
R31360SCB,2
R31457SCB,20
R31266SCB,72
R31446SCB,85
R3291SCB,50
R31392SCB,32
R31261SCB,6
R31389SCB,16
R31268SCB,26
R31512SCB,323
R31375SCB,209
R31277SCB,32
R31038SCB,108
R31311SCB,194
R31245SCB,35
R31347SCB,358
R54102CCB,2
R54141ONZ,43
OCG0569,411
R31584ONZ,59
OCG0139,2
KEYCHAIN,5400
R31414ONZ,7
AFN1101,2
R31270ONZ,658
R31375ONZ,19
R31257ONZ,948
AFN1455,0
R982008ONZ,84
R681955ONZ,18
R55194SNZ,54
R982123ONZ,0
OCG0148,68
R31420SCB,453
R31357SCB,18
R34248ONZ,8
R31603ONZ,96
R31365SCB,305
AFN1303,12
R55099SNZ,36
R54062ONZ,4
R55122SNZ,14
R31326SNZ,108
R31208ONZ,26
R54107ONZ,0
R53071ONZ,11
R34362SNZ,76
R34386ONZ,18
R980969SCB,73
R34367SCB,42
R54176ONZ,9
OCG0870,50
R31528ONZ,0
R31529ONZ,26
OCG0490,259
ROTORCLOCK,255
R55147SCB,136
R55126SCB,445
R31443ONZ,343
R34401ONZ,54
R31340ONZ,74
R31422ONZ,30
R53038ONZ,923
R54012ONZ,20
R31391ONZ,30
OCG0690,76
AFN1324,0
R55122ONZ,231
R31584SCB,122
R55099ONZ,52
R31533ONZ,119
R31387ONZ,3
OCG0830,61
R34180ONZ,4
R34361ONZ,95
P1602CDM,920
R31043SCB,47
R31601SCB,163
R31372SCB,234
AFN1711,38
R31441ONZ,46
R55159ONZ,786
OCG0169,4
OCG0500,44
R34366ONZ,67
AFN1729,52
MAXTHERMOS,204
R55073SCB,194
R31454ONZ,138
OCG0857,30
OCG0695,30
R55087SCB,146
R31158SCB,2
R44903SCB,22
R31318ONZ,53
R31295SCB,8
R45533SCB,16
R31302ONZ,28
R31291ONZ,34
R981787ONZ,128
OCG0296,0
R55184SCB,162
R31608ONZ,85
P1679CDM,343
P1508CDM,201
P1844CDM,86
R34299SNZ,28
OCG0165,60
R34347ONZ,9
R34349ONZ,534
R31511ONZ,16
R31323SCB,2
R5119ONZ,138
R53014SCB,4
OCG0864,30
R781099ONZ,206
OCG0241,115
R34220ONZ,95
OCG0694,352
OCG0434,31
R31349SCB,241
R55175SCB,26
R31424ONZ,6
R31436SCB,56
R31517SCB,14
R31302SCB,0
R982130ONZ,2
R582033ONZ,38
R981775ONZ,6
R782484ONZ,112
R55164ONZ,30
OCG0134,67
OCG1192,12
OCG1201,60
OCG1127,40
OCG1199,16
R31386ONZ,50
OCG1203,24
OCG1183,32
OCG1150,1
OCG0347,0
OCG1196,34
OCG1191,0
OCG1118,12
OCG0353,0
OCG1208,30
OCG0847,88
R31449SCB,4
R31589SCB,98
R31481ONZ,4
OCG0845,32
OCG0855,0
OCG0478,48
R31143ONZ,36
AFN1707,6
P687ACDM,0
OCG1123,116
R982125ONZ,66
OCG1126,68
OCG0915,32
R981620SCB,26
R582032SCB,24
R581999SCB,1
R782320ONZ,24
R982035ONZ,56
R781950ONZ,12
R582032ONZ,74
R34306ONZ,5
R53023ONZ,98
R31402ONZ,6
R34287ONZ,2
R582031ONZ,22
R45926ONZ,30
R31573SNZ,6
R44903SNZ,24
R781950SNZ,22
R981620ONZ,74
OCG1190,48
OCG1200,104
R55132ONZ,36
R31285ONZ,34
R54197ONZ,0
R31398ONZ,40
R53013ONZ,70
R54115SCB,36
R31268ONZ,2
R31334ONZ,46
R34278ONZ,3
R34100ONZ,57
OCG0291,57
OCG0698,194
OCG0840,60
OCG0850,16
OCG0821,88
OCG0056,38
OCG0238,0
OCG0037,8
OCG0287,42
AFN1736,22
R53056ONZ,70
R34368ONZ,2
R54068ONZ,50
R34319ONZ,108
OCG0846,20
OCG0844,36
R982363ONZ,22
R55144SCB,4
R982285ONZ,136
R54079ONZ,18
OCG1194,22
OCG1193,2
OCG1210,34
OCG1154,0
OCG1151,12
R782319ONZ,42
OCG1209,86
OCG1152,11
OCG1153,0
OCG1124,44
OCG1204,6
OCG1134,16
OCG0607,34
R982362ONZ,6
AFN1720,26
AFN1827,10
AFN0815,0
AFN0868,2
AFN1679,216
AFN0840F,19
AFN1938,63
AFN1844,4
R981773ONZ,0
OCG1135,48
R31419ONZ,42
R34423ONZ,50
R682072ONZ,22
R982129ONZ,2
R34237ONZ,2
R982067ONZ,0
R55096ONZ,0
R31147ONZ,3
R53000SCB,24
R31370SCB,2
R781950SCB,18
R582031SCB,18
R982036SCB,14
R45926SCB,19
R782484SCB,24
R681951SCB,4
R31573SCB,6
R31310ONZ,52
R31374ONZ,2
R54161SCB,6
R54134ONZ,52
OCG0345,54
OCG0515,98
R31395ONZ,14
R31390ONZ,28
R34234ONZ,4
R34347SCB,16
R981823ONZ,70
R31453ONZ,6
R55166SCB,14
R31266SNZ,28
R54170ONZ,8
R54189ONZ,82
R982104ONZ,10
R31626ONZ,214
OCG1185,0
EVER-5W-40,20
EVER-0W-20,0
OCG1160,28
EVER-5W-20,0
R31058SCB,116
R34111SCB,4
R54010ONZ,6
R55099SCB,24
R34499SCB,0
R31550SCB,68
OCG1146,0
R53003ONZ,18
OCG1130,4
OCG1144,42
OCG1214,2
OCG1187,34
OCG1186,0
OCG1188,4
R31404ONZ,35
8100688,0
R34247ONZ,0
8100689,0
OCG1155,18
OCG1182,24
R682263ONZ,8
R45616ONZ,44
R55034OCB,0
R982122SCB,16
R34418SCB,22
R54187SNZ,62
STICKER,89
OCG0239,91
R55073OCB,0
OCG1205,50
OCG0475,12
OCG0477,94
OCG1149,104
OCG0661,34
R34208SNZ,53
R31422SNZ,74
R31569SCB,22
R5485ONZ,2
R31408SCB,118
R31488SCB,40
R31406SCB,18
R54078SNZ,94
R55171SCB,53
R34487ONZ,80
R31599ONZ,138
P272CDM,16
P1707CDM,839
P506CDM,259
P527CDM,1
P1668CDM,56
P650CDM,0
P1647CDM,85
P700CDM,14
P730CDM,62
P732CDM,24
P763CDM,174
P784CDM,214
P798CDM,20
P828CDM,30
P391CDM,8
P922CDM,37
P939CDM,5
P945CDM,160
P946CDM,119
P995CDM,66
P1035CDM,144
P1037CDM,971
P228CDM,18
P436CDM,63
P451CDM,24
P532CDM,2
P551CDM,1
P1506CDM,1286
P556CDM,32
P1456CDM,319
P619CDM,86
P1454CDM,179
P641CDM,0
P1423CDM,435
P680CDM,10
P683CDM,204
P1408CDM,0
P687CDM,72
P746CDM,17
P790CDM,32
P792CDM,646
P1391CDM,1
P871CDM,42
P872CDM,6
P876CDM,101
P1341CDM,61
P1302CDM,4
P1274CDM,263
P884CDM,1
P1273CDM,2177
P914CDM,1038
P1159CDM,269
P1113CDM,21
P1041CDM,453
R31518SNZ,0
P1047BCDM,904
P997CDM,38
P383CDP,1
P956CDM,392
P503CDP,0
P1047SCDM,190
P1048CDM,2
P948CDM,260
P919CDM,16
P1060CDM,0
P1073CDM,3
P1078CDM,100
P369CDM,1
P373CDM,2
P374CDM,251
P473CDM,27
P1088CDM,157
P476CDM,127
P1083CDM,458
P1093CDP,0
P1093CDM,209
P1099CDM,0
P1100CDM,93
P659CDM,42
P1103CDM,59
P665CDM,0
P1118CDM,56
P785CDP,81
P771CDM,85
P781CDM,264
P1107CDM,571
P822CDM,154
P1156CDM,270
P856CDM,271
P1158CDM,64
P862CDM,0
P892CDM,61
P893CDM,112
P1210CDP,0
P898CDM,2011
P905CDM,748
P929CDM,0
P931CDM,174
P1188CDM,55
P934CDM,240
P1171CDM,235
P1172CDM,34
P979CDM,73
P1015CDM,130
P1018CDM,96
P1258CDM,365
P1030CDM,16
P1259CDM,145
P1033CDM,192
P1260CDM,248
P1275CDM,865
P1276CDM,0
AFN0817,23
AFN0763,4
P1279CDM,29
P1287CDM,12
AFN0482,41
R34140SCB,80
P1293CDM,697
P1294CDM,75
P1303CDM,319
P981CDP,0
P1324CDM,208
P1037CDP,0
P1326CDM,1
R981067SCB,40
P1306CDM,24
P1314CDM,18
AFN0653,139
P1334CDM,12
P792CDP,66
AFN0785,180
P1371CDM,111
P1374CDM,61
P1358CDM,104
P1361CDM,124
P1362CDM,62
P1346CDP,12
P1376CDM,0
P1381CDM,27
P1400CDM,126
P1402CDM,80
AFN0702,34
P1421CDM,1513
P1422CDM,4
P1463CDM,87
P1430CDM,216
AFN0340,26
OCG0651,46
AFN1342,80
AFN1273,118
AFN1260,44
AFN1258,93
AFN1095,38
AFN1094,6
AFN1018,1
P1012CDM,1154
P1465CDM,35
P1473CDM,115
P1447CDM,11
P1451CDM,442
AFN0885,25
P1548CDM,0
P1522CDM,339
P1539CDM,438
AFN1042,32
P781CDP,0
AFN1108,11
OCG1038,158
AFN1111,31
AFN1113,0
AFN1114,0
P1589CDM,638
P1562CDM,154
AFN1293,38
AFN1294,12
P1624CDM,209
AFN1304,6
AFN1375,33
AFN1376,13
AFN1322,27
P1649CDM,106
P1650CDM,21
P1653CDM,144
AFN0995,6
AFN0986,58
AFN0975,146
AFN0918,14
AFN0906,67
AFN0905,74
P1654CDM,70
AFN1078,21
AFN1178,0
AFN1184,0
8100206,0
AFN1210,0
AFN1326,14
AFN1423,0
P1721CDM,11
P1720CDM,75
P1719CDM,1432
P2100CDM,15
P2089CDM,72
P2045CDM,0
P2036CDM,0
P1934CDM,3
P1923CDM,54
R53012ONZ,60
P1894CDM,20
P1860CDM,82
P1857CDM,23
AFN1456,65
8100256,16
P1839CDM,70
P1833CDM,3
AFN1473,15
R55084ONZ,2
P1815CDM,18
AFN1506,320
P1794CDM,21
P1791CDM,36
P1790CDM,90
P1746CDM,14
AFN1522,1
P1412CDP,44
AFN1539,0
P1722CDM,21
P1801CDM,65
P1802CDM,102
P1602CDP,0
P1805CDM,13
P1806CDM,122
P1793CDP,35
AFN1613,58
AFN1623,10
P1843CDM,272
AFN1649,1
P1848CDM,768
P1912CDM,14
P1913CDM,14
P1914CDM,0
P1916CDM,398
AFN1624,9
OCG0364,18
OCG0409,28
P2057CDM,1962
P2074CDM,0
P2076CDM,27
P2087CDM,1571
P2025CDM,51
P1971CDM,1581
P1954CDM,14
R54179ONZ,140
P1878CDM,54
P1829CDM,458
AFN1668,1
AFN1721,36
P1818BCDM,0
AFN1722,65
P1818SCDM,65
AFN1728,19
AFN1730,70
AFN1731,40
P1848CDP,0
AFN1733,53
P1760CDM,164
AFN1735,10
AFN1737,4
AFN1739,45
AFN1743,48
AFN1744,41
R54196ONZ,76
AFN1759,39
R55196ONZ,78
R34499ONZ,341
AFN1848,0
R54188ONZ,15
AFN1561,45
AFN1578,62
AFN1584,7
AFN1589,0
AFN1699,33
AFN1829,32
AFN1718,46
AFN1799,55
AFN1815,2
AFN1806,16
R681995ONZ,2
AFN1894,77
AFN2115,104
AFN2094,0
AFN2087,7
OCG0586,28
R54102ONZ,2
R31003ONZ,2
S676MD,24
S742MD,0
S814MD,0
R34228ONZ,2
P1490CDM,33
R31369ONZ,158
S972MD,28
S913MD,0
AFN2190,14
R31332ONZ,2
R31299ONZ,56
S982MD,0
R34312ONZ,45
S854MD,5
S756MD,0
R31541ONZ,4
R5383ONZ,4
R54155ONZ,6
R55050ONZ,0
R55065ONZ,2
R55055ONZ,50
R31635SNZ,38
R55079ONZ,0
R31179ONZ,0
S765LMD,80
S936MD,1
R5595ONZ,1
R31304SCB,2
R55078ONZ,0
R55070ONZ,0
R31362ONZ,2
R681993ONZ,2
R31313ONZ,0
OCG0506,70
R582061ONZ,2
R54142ONZ,146
R982311ONZ,26
R982124ONZ,8
R31388ONZ,36
R582060ONZ,10
R34342ONZ,2
R31552ONZ,116
R31400ONZ,0
R34237SCB,1
OCG0688,68
R31134ONZ,2
OCG0576,14
R582039ONZ,2
R31446ONZ,56
OCG1122,0
R31585ONZ,0
OCG0621,32
R31624ONZ,10
R31636ONZ,276
OCG0294,162
R781087ONZ,116
R31273ONZ,43
R31408ONZ,111
R31403ONZ,0
R982488ONZ,188
R31642ONZ,0
R982045ONZ,2
R982292ONZ,102
R982050ONZ,2
R31339ONZ,70
R34507ONZ,4
R981943ONZ,6
R681951ONZ,0
R55060ONZ,4
R581999ONZ,16
R981914ONZ,65
R55192ONZ,64
R55128ONZ,2
R981199ONZ,0
R55018ONZ,0
R54105ONZ,4
R982071ONZ,0
R981165ONZ,134
R55130ONZ,0
R54126ONZ,42
R981053ONZ,5
R982041ONZ,0
R54025ONZ,0
R53049ONZ,0
R980630ONZ,0
R31361ONZ,1
R31385ONZ,0
R31343ONZ,0
R31353ONZ,0
R54027ONZ,0
R54060ONZ,0
R31516ONZ,2
R34167ONZ,0
R53014ONZ,96
R31289ONZ,12
R31256SCB,0
R31540SCB,30
R34268ONZ,0
R34287SCB,1
R34312SCB,2
R34364SCB,110
R34371SCB,14
R34428SCB,1
R34413ONZ,38
R34233SCB,1
R34145ONZ,60
R54132ONZ,10
R34147ONZ,48
R34369ONZ,46
R31321ONZ,2
R31263ONZ,2
R34283ONZ,20
R34101ONZ,2
R982055ONZ,4
R31545ONZ,77
R34488ONZ,4
R31602ONZ,2
R31611ONZ,0
R31648ONZ,1
R34284ONZ,0
R54164ONZ,4
R34307ONZ,2
R31568ONZ,90
R34424ONZ,54
R31546ONZ,1
R31548ONZ,6
R31415ONZ,2
R31447SCB,94
OCG0321,110
R54095ONZ,22
P1108CDM,327
P1375CDM,168
P1399CDM,195
P1401CDM,174
P530CDM,0
P1846CDM,68
P340CDM,447
P986CDM,40
AFN1012,80
R53051ONZ,2161
R54153ONZ,731
R55097ONZ,1216
R53006ONZ,1448
R53005ONZ,1107
R53069ONZ,1514
R5370ONZ,2
R53005CNZ,1629
R53006CNZ,947
BFD4-355,0
AFN1421,306
P1295CDM,0
P1897CDM,58
S714MD,33
S729MD,16
S789MD,0
S705MD,0
S627MD,36
S910MD,19
H798K,1
H1329K,1
H1170K,3
H1521K,24
H1332K,2
H1124BK,4
H1596k,30
H828K,19
H1829K,20
H1326K,33
H1522K,30
H995K,10
H537,7
H1308K,2
H1649K,14
H1297K,7
H465AK,4
H1623K,10
HS1295K,30
H1337K,3
H692K,19
H1028K,2
H1697K,9
HS465DK,38
H1107K,21
H394AK,5
H1114K,14
H1122k,30
H763K,9
H822K,10
H1281K,2
H1287K,1
HS730CK,4
H784K,4
H1033K,27
H1039K,12
H1103K,5
H1454K,2
H1848K,12
H996k,15
HS1402K,28
H961K,2
H556K,12
HS1280K,1
H1047K,61
H1547K,10
H1421k,35
H986k,30
HS1295BK,12
H885AK,13
HK1737K,1
HK919K,1
HK1391K,2
HK1107K,1
HK1324BK,2
H1509K,24
H1728K,20
H1729K,20
H834K,18
H1397BK,31
H956K,25
H1093K,23
H978K,15
H1307k,27
H1061K,10
H1171k,27
H683K,12
H1067K,2
H1317K,9
H946K,11
H1456K,4
H730BKK,5
H1092K,11
H1089K,3
H741k,5
H506K,11
H1018KK,2
H1086K,4
H476K,2
H1375K,9
H1698K,3
H1473k,22
H1624K,10
H1654K,10
H725BK,3
HA1212K,4
H1444K,12
H1194K,12
H1846K,8
H1878K,16
H1761K,13
H1325BK,8
H1341k,32
H17432,3
H17378,1
H15906,1
H17396,2
H7296K,1
H7311K,1
H58120,1
H785K,69
H1049B,1
H653K,1
H781K,1
H1394K,1
H498K,1
H868K,1
HK1539,1
H1498K,1
H1737K,2
H1058K,1
H1286K,1
H698K,1
H1377K,1
H1428K,2
HKS1309K,1
H967K,2
H141.33099K,1
HWK260,1
H1412K,1
H1354K,1
AFN1719,159
P702CDM,225
R781768SCB,146
OCG0331,17
OCG0657,34
OCG0483,34
OCG1141,28
OCG0842,68
R34298SCB,128
R3464ONZ,2
R55127ONZ,2
P1728CDM,77
R581913ONZ,38
P1779CDM,241
R34424SCB,120
R54115ONZ,24
AFN0914,0
AFN1047B,69
AFN2188,29
AFN0784,22
AFN0855,16
AFN1374,140
R55117ONZ,0
R3264ONZ,0
R3483ONZ,4
R34274ONZ,0
R3291ONZ,0
R34111ONZ,2
R55095ONZ,0
OCG0290,45
P1467CDM,200
R55185SCB,128
R31498SCB,104
R781099SCB,260
R53068SCB,2
AFN0711,29
OCG1121,26
R55097CNZ,414
OCG0005,116
OCG0354,168
S945MD,28
R31424SCB,1
P1775CDM,2
P1309CDM,36
AFN2057,0
R55055SCB,198
R54111ONZ,613
R55133ONZ,1116
OCG0235,90
OCG0166,43
OCG0156,17
OCG0174,159
OCG0866,44
R53018ONZ,26
R31517ONZ,0
P647CDM,17
P1106CDM,7
R54181SCB,208
AFN1521,16
AFN2100,5
AFN0980,17
P850CDM,17
R3264SCB,11
OCG0121,6
OCG1142,35
P969CDM,229
OCG0807,18
R31544SCB,10
R55090SCB,36
R54187SCB,6
P1057CDM,741
P724CDM,2
R34303ONZ,761
R34470ONZ,141
R54043ONZ,2
P840FCDP,35
AFN2036,186
R53006SCB,1826
R53005SCB,1364
OCG0513,92
R31403SNZ,28
R31612SCB,202
R54176SCB,132
R31430SCB,62
R54153CNZ,1666
R55124ONZ,1
AFN1307,37
AFN1444,8
AFN1086,2
AFN1454,6
AFN1391,12
AFN1402,0
AFN1596,39
P1866CDM,49
P2162CDM,106
P2180CDM,48
AFN0974,1
AFN0978,61
AFN1211,0
AFN1401,9
AFN1632,0
AFN1694,94
AFN1953,56
AFN2162,79
AFN2170,39
AFN2172,37
AFN2207,30
AFN2216,59
AFN2218,61
AFN2225,26
AFN2270,50
P1317CDM,86
P1901CDM,54
P1938CDM,47
P1936CDM,20
P1895CDM,33
OCG0065,34
R31134SCB,46
P1509CDM,42
P2172CDM,71
P2216CDM,37
P1070CDM,113
R982062ONZ,93
P2115CDM,91
P2225CDM,30
P2169CDM,119
P2186CDM,68
P2189CDM,27
P1865CDM,14
P2224CDM,28
P1864CDM,23
P874CDM,70
P2208CDM,43
AFN1400,42
AFN1084,1
P2199CDM,20
P2190CDM,53
P1921CDM,7
P2219CDM,59
AFN2221,50
AFN2189,29
AFN2174,70
AFN1005,0
AFN2199,50
AFN2191,14
P2179CDM,127
P1680CDM,21
P1111CDM,143
P2188CDM,34
P2221CDM,45
P2183CDM,71
P1924CDM,37
P1886CDM,28
P2032CDM,18
P1953CDM,61
P2170CDM,37
P2173CDM,132
P2270CDM,48
P2136CDM,46
P2174CDM,124
P2218CDM,62
AFN2117,30
AFN2173,65
AFN2219,61
AFN1047S,18
AFN1818B,18
AFN2208,54
AFN2186,40
R31458ONZ,2
AFN1838,68
AFN0681,27
R31312CNZ,68
OCG0516,36
AFN1843,48
R34398ONZ,16
R54182SCB,95
R55051ONZ,1
R31371ONZ,52
R31328SNZ,14
R53042ONZ,18
ACDELCO-BC,6
LAURENTIDE-WW-45,34
R34055SCB,38
R34248SCB,2
8100539,6
8100072,14
8100052,3
8100019,20
8100050,43
8100494,7
8100520,20
8100128,4
8100484,33
8100487,26
8100253,3
8100349,6
8100338,38
8100369,57
8100370,7
8100417,18
8100459,0
8100530,0
8100599,0
8100341,16
8100573,15
8100454,0
8100438,1
8100592,9
8100021,0
R34057ONZ,0
R31364ONZ,0
R54087ONZ,2
R55087SNZ,115
R31275SNZ,93
R53051SCB,1057
R31257CNZ,468
R53069CNZ,788
R31488SNZ,32
R55088ONZ,0
R55089ONZ,0
R54153SCB,768
R53050SCB,914
R54111SCB,448
R54099SCB,264
R55199SCB,110
R53011SNZ,60
R982354SCB,42
R31328SCB,30
R54114ONZ,0
P1412CDM,29
P815CDM,997
P412CDM,34
P1411CDM,1
R45898ONZ,63
R682429ONZ,28
R982111ONZ,28
R54186CNZ,641
P1352CDM,30
R31490ONZ,122
P1954CDP,0
R31469SCB,220
R31277SNZ,28
R55192SNZ,23
R55191SNZ,1
R54088SNZ,1
R31270SNZ,46
R34286SNZ,70
R31322SNZ,20
R31406SNZ,36
R31029SNZ,0
R53005SNZ,0
R31369SNZ,2
R54123SNZ,15
P2198CDM,38
AFN2179,68
AFN1306,14
AFN0919,14
AFN1003,22
AFN2137,30
AFN1897,96
R31307ONZ,0
R982496ONZ,56
R55039SNZ,66
R31368SNZ,0
R54166SNZ,20
R34111SNZ,1
R55148SNZ,38
R54176SNZ,28
R55147SNZ,8
R55055SNZ,0
R53025SNZ,30
R34401SNZ,6
R55082SNZ,4
R55165SNZ,36
R54094SNZ,68
R55178SNZ,70
R34390SNZ,1
R31512CNZ,1
R31349CNZ,1
R31610CNZ,60
R31511CNZ,0
R31544CNZ,1
R34319CNZ,56
R54123CNZ,500
R55148CNZ,110
R55147CNZ,82
R54194CNZ,54
R55094CNZ,76
R55093CNZ,37
R31612CNZ,0
R54175SNZ,46
R34504SNZ,14
R53069SCB,270
R54105SNZ,2
R55133CNZ,580
R55174CNZ,456
R55178CNZ,394
R31505CNZ,158
R55159CNZ,0
R53050CNZ,1106
R53051CNZ,1084
R31363CNZ,214
R31366CNZ,290
R31532CNZ,48
R54099CNZ,84
R54100CNZ,98
R53023CNZ,305
R53024CNZ,178
R31365CNZ,248
R31373CNZ,375
R31603CNZ,392
R31584CNZ,0
R31455CNZ,240
R31372CNZ,482
R54134CNZ,76
R54131CNZ,220
R53068CNZ,874
R54142CNZ,184
R31325CNZ,144
R31626CNZ,89
R31623CNZ,140
R55125CNZ,144
R55126CNZ,220
R54017CNZ,120
R54011CNZ,96
R31433CNZ,188
R31608CNZ,68
R31434CNZ,238
R31443CNZ,190
R31339SNZ,34
R31427SNZ,2
R31421SNZ,12
R31273SNZ,4
R34064SNZ,26
R34228SNZ,92
R31316SNZ,136
R34173SNZ,12
R55108SNZ,39
R55065SNZ,22
R54098SNZ,46
R53010SNZ,46
R31601SNZ,32
R681781SNZ,38
R31397SNZ,6
R981779SNZ,40
R31533CNZ,52
R34400SNZ,58
R981957SNZ,42
R31275CNZ,860
R31479CNZ,262
R31318CNZ,144
R31315CNZ,0
R31601CNZ,162
R31447CNZ,2
R31311CNZ,298
P2156CDM,12
R31375CNZ,218
R781768CNZ,66
R781767CNZ,10
R31043CNZ,34
R31247CNZ,2
R31542CNZ,46
R31543CNZ,114
R31348CNZ,208
R31270CNZ,326
R982104CNZ,18
R981053CNZ,0
R53021CNZ,92
R31526CNZ,64
R31267CNZ,146
R31554CNZ,58
R981064CNZ,42
R31499CNZ,32
R53041CNZ,128
R34314CNZ,116
R31420CNZ,872
R981500CNZ,449
R31498CNZ,30
R34401CNZ,0
R982044CNZ,14
R34414CNZ,52
R54098CNZ,140
R54097CNZ,104
R55150CNZ,190
R31432CNZ,128
R31050CNZ,202
R31493CNZ,86
R55199CNZ,228
R31569CNZ,4
R981421CNZ,48
R982055CNZ,58
P2207CDM,47
AFN1318,30
AFN2118,26
AFN2198,50
AFN2156,25
P2178CDM,0
P2191CDM,38
R34401SCB,48
R981004ONZ,2
AFN2135,0
AFN2178,0
AFN2169,63
P1774CDM,9
P2118CDM,30
R31432SCB,158
AFN2136,29
AFN2224,28
R34061ONZ,0
R55027ONZ,0
R3214ONZ,0
R54030SNZ,20
OCG1158,26
OCG1162,22
OCG0914,83
OCG1157,26
OCG1229,42
OCG0198,76
OCG1031,2
OCG0455,194
OCG0470,6
OCG1227,16
OCG0568,0
R53057SCB,213
R53056SCB,201
R54011SCB,423
R54017SCB,431
R54141SCB,88
R54124SCB,119
R54078SCB,30
R54074SCB,38
R54094SCB,162
R54098SCB,209
R54109SCB,501
R54186SCB,434
R55192SCB,27
R55191SCB,1
R55093SCB,239
R55094SCB,260
R54100SCB,221
R54093SCB,136
R31555CNZ,64
R5580SCB,28
R55082SCB,8
R55098SCB,13
R54131SCB,93
R54134SCB,124
R54122SCB,114
R54123SCB,601
R55034SCB,160
R54126SCB,25
R55065SCB,42
R55165SCB,4
R54162ONZ,0
R31525ONZ,2
R55168ONZ,0
R54003ONZ,0
R55151CNZ,196
R55036SCB,84
R55039SCB,225
R31469CNZ,370
R31369CNZ,106
R53056CNZ,67
OCG1159,26
OCG1172,13
R982097ONZ,8
R781769ONZ,0
R54194ONZ,165
R53012SCB,210
R31325SCB,461
R31583ONZ,70
R781767ONZ,390
R55160ONZ,83
R31567ONZ,4
R54035SCB,44
R54042SCB,66
R54029SCB,22
R54090SCB,28
R54154SCB,130
R54088SCB,72
R54166SCB,57
R54155SCB,1
R31458SCB,22
R55122SCB,168
R55040SCB,31
R55050SCB,40
R55157ONZ,11
R982431ONZ,84
R31595ONZ,42
R981064ONZ,92
R55183SCB,158
R55138ONZ,22
R980630SCB,204
R34497ONZ,86
R54032SCB,62
R54114SCB,4
R54097SCB,106
R55096SCB,18
R54143SCB,110
R55083SCB,78
R55080SCB,290
R34144CNZ,0
R54176CNZ,173
R53012CNZ,132
R54125CNZ,452
R3295CNZ,368
R981503CNZ,98
R982073CNZ,0
R34315SNZ,136
R31317SNZ,14
OCG0509,10
R55054CNZ,436
OCG1265,32
R53022SCB,231
R53021SCB,322
R54130SCB,122
OCG1260,22
R53026SCB,281
R53027SCB,216
R53025SCB,121
R31510SCB,46
R31513SCB,88
R34256SCB,46
R54027SCB,44
R31398SCB,0
R34315SCB,37
OCG1093,14
OCG1089,28
P2037CDM,1
R53067ONZ,0
R55085SNZ,44
R54018ONZ,7
R45617ONZ,68
R31335ONZ,45
R55209ONZ,26
R5386SCB,6
R54162SCB,0
R781770ONZ,2
OCG1148,44
OCG1082,16
R34475ONZ,81
R44903ONZ,62
R34362ONZ,6
R45533ONZ,76
P1576CDM,1
R44930ONZ,50
R981835ONZ,164
R782485ONZ,32
R982110ONZ,0
R582374ONZ,46
R53009ONZ,3
R982272ONZ,38
OCG0206,8
OCG0505,112
OCG0843,30
OCG0299,22
OCG1259,24
OCG0357,0
R682263SCB,2
R55140ONZ,3
R982091ONZ,8
R34364ONZ,188
OCG1234,40
R44888ONZ,0
R581913SCB,56
R55202SCB,6
R34284SCB,12
R34286SCB,8
R34299SCB,126
R54080SCB,4
R31243SCB,15
R34126SCB,2
R34145SCB,10
R31439SCB,217
R31545SCB,16
R982035SCB,12
R5381SCB,35
R53009SCB,23
R53011SCB,171
R31163SCB,33
R34120SCB,2
R53041SCB,68
R53040SCB,186
R53044SCB,10
R34211SCB,4
R31590SCB,0
R55072CNZ,38
R34314SCB,69
R53024SCB,275
R53023SCB,246
R5382SCB,146
R55119SCB,11
R34294SCB,151
R5371SCB,18
R55038SCB,16
R45617SCB,4
R54196SCB,130
R34167SCB,2
R31481SCB,57
R31395SCB,22
R31482SCB,32
R34279SCB,136
R31476SCB,8
R31470SCB,1
R31412SCB,74
R31368SCB,216
R31538SCB,112
R31411SCB,3
R34173SCB,175
R31532SCB,94
R31029SCB,111
R31425SCB,102
R31552SCB,280
OCG1263,72
OCG1266,12
OCG1272,22
OCG0460,124
OCG0508,94
AFN1365,28
OCG0670,24
R31511SCB,234
R31548SNZ,44
R582331ONZ,50
R682446ONZ,4
R34184ONZ,44
R45987ONZ,0
R31293ONZ,0
OCG1275,0
OCG1147,20
OCG0316,1
OCG1258,44
R31159SCB,5
R31405SCB,129
R54125SCB,313
R31267SCB,196
R31527SCB,0
R31429SCB,24
R31612ONZ,950
R31539CNZ,25
P915CDM,0
P1821CDM,1
P1896CDM,3
P2038CDM,90
P1965CDM,18
P2117CDM,24
R981775SCB,4
R55176SCB,7
R55140SCB,22
AFN2223,2
R681994ONZ,2
R782497ONZ,54
R54076ONZ,2
OCG0681,5
R982115ONZ,2
R982487ONZ,4
R31360ONZ,34
R34428ONZ,21
R31401SCB,0
R34298ONZ,42
R55131ONZ,1
R3184ONZ,2
R34018ONZ,2
R34039ONZ,2
R5495ONZ,1
R981023ONZ,30
P913CDP,0
R54199ONZ,8
S464MD,0
R981086ONZ,4
R54125ONZ,28
R54118ONZ,0
R782040ONZ,144
8100400,1
OCG0565,16
R981214CNZ,60
R54193SCB,64
CASTROLE-5W-30,0
CASTROLE-0W-20,0
R31415SCB,66
OCG1165,5
OCG1166,8
R31513SNZ,96
R34203CNZ,363
R54101ONZ,21
R54048ONZ,18
R54182ONZ,2
R55090ONZ,65
P2168CDM,28
MOBI1-0W-40,0
R34208OCB,0
R31468SCB,226
AFN1965,29
AFN2176,28
P2200CDM,29
P2176CDM,2
R55177CNZ,0
R981066SCB,50
P1571CDP,36
R31608SCB,94
OCG1184,93
OCG1169,28
"MAX ROTOR ONZ LABEL",7
"MAX ROTOR SCB LABEL",1
"MAX ROTOR CCB LABEL",1
"MAX ROTOR OCB LABEL",3
"MAX ROTOR CNZ LABEL",16
"CLEAR PACKING TAPE",2736
"UPS LABEL",84
"WATER-ACTIVATED TAPE - APEX1",220
"WATER-ACTIVATED TAPE - REGULAR",817
"KRAFT PAPER",448
R34168SCB,168
R34143SCB,211
R31366SCB,210
R31435SCB,162
R981000ONZ,20
R31504SCB,70
R34064SCB,28
R31367SCB,4
R5703ONZ,0
AFN0979,19
AFN2180,30
OCG1264,78
OCG1143,48
R54175SCB,30
S960MD,39
S771MD,15
S781MD,35
S846MD,31
R982581ONZ,46
R982591ONZ,46
R31505SCB,321
R54137ONZ,0
OCG1221,98
OCG1225,58
R34418ONZ,2
R982434ONZ,97
R31384ONZ,2
R982549ONZ,46
R982048ONZ,24
OCG0325,34
R53050ONZ,1311
R54152SCB,38
OCG1277,48
R582458ONZ,80
R31518ONZ,2
OCG1274,48
OCG1216,90
R981000SNZ,48
R31497SNZ,54
OCG1220,94
R55084SNZ,123
R31410SCB,62
R53040CNZ,226
R31538ONZ,29
R54142SCB,590
R982491ONZ,24
R31483SCB,80
R31376ONZ,46
R31370ONZ,40
PLAINBOX3,192
PLAINBOX2,2000
MAXBOX7,4390
MAXBOX6,0
MAXBOX5,0
MAXBOX4,14250
MAXBOX3,1790
MAXBOX2,6500
MAXBOX1,3000
R31363SCB,244
MOBI1-0W-16,0
R31084SNZ,50
R31504SNZ,90
R34403CNZ,372
R31468CNZ,178
R53057CNZ,68
R31369SCB,162
R31440CNZ,82
OCG0865,55
OCG1228,48
CDPSLEEVELESSBOX4,1815
CDPSLEEVELESSBOX3,1986
CDPSLEEVELESSBOX2,1918
CDPSLEEVELESSBOX1,1823
AFN1857,0
AFN2200,45
R781768ONZ,204
R34143ONZ,392
OCG0488,28
R34144SCB,282
AFN2168,38
R34421SNZ,28
R34475SNZ,92
R34228SCB,30
OCG1195,100
OCG1167,0
R55185ONZ,95
R982325ONZ,0
OCG1008,3
R582039SCB,2
R582038SCB,34
R31477SCB,34
R34349SCB,184
R982062SCB,6
R31475SCB,4
R982062CNZ,142
R31549SCB,84
R31443SCB,367
P611CDM,1
CASTROLG-5W-30,0
CASTROLG-5W-20,0
R31508ONZ,57
D35104ONZ,2
R5704ONZ,0
D3521ONZ,10
OCG1100,38
R34303CNZ,456
R55191ONZ,67
R53011CNZ,90
OCG1139,26
OCG1249,84
OCG1248,62
OCG1174,46
R34314CCB,0
R981500ONZ,691
OCG0696,68
OCG0697,28
OCG1015,19
OCG1016,19
AFN2202,47
R54181CNZ,178
OCG1129,35
OCG1218,38
R981421SCB,24
R31547SCB,81
R31655SCB,0
P1784CDM,16
OCG1271,50
R982055SCB,152
OCG0674,106
OCG0683,64
OCG1125,24
OCG1138,48
OCG0288,113
OCG1223,68
OCG1222,68
OCG0349,152
OCG1084,22
OCG1269,50
OCG1262,82
R981958SCB,0
P1971CDP,0
P1596CDP,1
P1293CDP,0
OCG1116,31
OCG0837,38
OCG1226,40
OCG1173,50
8100289,16
8100589,22
8100691,20
8100692,30
8100690,32
R31414CNZ,88
R982544ONZ,50
OCG1273,27
R31610ONZ,734
R34294ONZ,366
OCG1278,50
R34499CNZ,200
S855MD,20
S783MD,13
S859MD,10
S916MD,36
S932MD,33
R982128ONZ,124
R781138ONZ,20
P1428CDM,0
OCG0219,56
P1739CDM,2
P710CDM,39
OCG0243,0
OCG0848,108
R55159SCB,86
R34366SCB,4
R682573ONZ,96
P2202CDM,50
OIL-ABSORBENT,0
R54179SCB,28
R582000ONZ,340
R982113ONZ,50
R31295ONZ,2
R982407ONZ,18
R682574ONZ,90
R53040ONZ,324
R34144ONZ,546
R982611ONZ,58
R682197ONZ,2
R982148ONZ,0
OCG1096,165
R54198SNZ,69
R53050CCB,0
R53063CCB,7
R31590CCB,0
R34233CCB,4
R781099CCB,0
R54194SCB,118
R981004CCB,0
R34403SCB,46
OCG0446,83
R31410ONZ,70
S871MD,24
S974MD,0
R34055OCB,0
R34431CCB,0
R55039CCB,2
R982071CCB,0
R981773CCB,0
R980969CCB,2
R982035OCB,0
R34167OCB,1
R781099OCB,0
R981064OCB,0
R981470SCB,84
R34349CNZ,204
R53063OCB,0
R31457OCB,0
R53067CCB,2
R55166CCB,2
R31402CCB,2
R31326CCB,4
R31398CCB,2
R31395CCB,2
R31497CCB,2
R31389CCB,2
R34424CCB,3
R5485CCB,4
R31290CCB,2
R34286CCB,2
R34248CCB,2
R34360CCB,2
R55114CCB,2
R34278CCB,2
R34284CCB,2
R34203CCB,1
R31424CCB,1
R982354CCB,0
R34349CCB,1
R981958CCB,3
R31374CCB,1
R582038CCB,1
R681953CCB,1
R54087CCB,1
R55150CCB,1
R31447CCB,1
R981470CCB,1
R31306CCB,1
R54088OCB,0
R31545OCB,0
R681952OCB,0
R45616OCB,2
R5703OCB,0
R34413OCB,2
R31147OCB,0
R3296ONZ,104
R31257CCB,0
R31526SNZ,60
OCG1163,12
R31300OCB,0
R34182OCB,2
R55092OCB,2
R34215OCB,0
R31522OCB,1
R31523OCB,1
R31594OCB,0
R54175OCB,2
R54089OCB,0
R34498OCB,2
R31244OCB,0
R34269OCB,0
R34425OCB,4
R31504OCB,2
D80089OCB,2
D8928OCB,4
R34347CCB,2
R31325CCB,4
R31554CCB,2
R31300CCB,2
R54182CCB,2
R54030CCB,2
R54074CCB,2
R54093CCB,0
R5381CCB,2
R54111CCB,0
R53051CCB,10
R54107CCB,0
R55041CCB,2
R53015CCB,2
R54141CCB,2
R31482CCB,1
R681995CCB,2
R34313CCB,2
R54032CCB,2
R34061CCB,2
R31385CCB,2
R34324CCB,0
R31476CCB,2
R31567CCB,2
R34209CCB,2
R781087CCB,2
R31526CCB,1
R31269CCB,2
R34368CCB,2
R31547CCB,3
R982264CCB,2
R54094CCB,2
R34371CCB,4
R31315CCB,0
R34331CCB,2
R31457CCB,8
R31283CCB,2
R54176CCB,1
R31491CCB,2
R981956CCB,2
R54197CCB,1
R31548CCB,4
R31147CCB,2
D80122ONZ,0
R31371SCB,38
R31470CCB,2
R34294CCB,0
R55143CCB,2
R54014CCB,2
R55055CCB,2
R34348CCB,2
R31529CCB,2
R581045CCB,2
R34376CCB,2
R31585CCB,2
R31289CCB,2
R31428CCB,2
R31405CCB,3
R54194CCB,5
R31604CCB,2
R31304CCB,2
R54088CCB,2
R54100CCB,2
R53044CCB,2
R55084CCB,2
R55027CCB,0
R34215CCB,2
R53061CCB,2
R53062CCB,0
R31308CCB,2
R34285CCB,2
R31493CCB,8
R34316CCB,2
R34207CCB,2
R34258CCB,2
R54154CCB,1
R54035ONZ,142
R982069ONZ,6
R31393ONZ,1
R54028ONZ,12
R3264CNZ,2
R34445CNZ,2
R31299CNZ,2
R34324CNZ,0
R34182CNZ,0
R54084CNZ,2
R34315CNZ,2
R31302CNZ,2
R34370CNZ,4
R54035CNZ,2
R681951CNZ,0
R31522CNZ,2
R34055CNZ,0
R5371CNZ,4
R54029CNZ,0
R5365CNZ,4
R31648CNZ,4
R31377CNZ,0
R54095CNZ,0
R31313CNZ,4
R31323CNZ,0
R5386CNZ,0
R55039CNZ,2
R3291CNZ,2
R34395CNZ,2
R31317CNZ,2
R34181CNZ,2
R31163CNZ,2
R34291CNZ,1
R55117CNZ,1
R34247CNZ,1
R34269CNZ,1
R54137CNZ,2
R31559CNZ,2
R31056CNZ,0
R31084CNZ,2
R31370CNZ,2
R31458CNZ,2
R54173CNZ,1
R5393CNZ,1
R31243CNZ,1
R31147CNZ,1
R981823CNZ,0
R31531ONZ,0
OCG1270,38
R982051ONZ,42
R31259CNZ,2
R34303CCB,0
R54062CNZ,0
R781769CCB,2
R31349CCB,1
R55159OCB,0
R981066OCB,0
R54199OCB,0
R31311OCB,0
OCG0441,0
S952MD,19
R31454SCB,44
R54197CNZ,2
P1082CDM,0
R31624CCB,0
R981000CCB,6
R31549CCB,1
R31387CNZ,232
R34216CNZ,0
R55066SNZ,76
R34386SCB,74
R31623SCB,56
R31456SCB,42
R31605SCB,0
R781087SCB,80
R55038CNZ,2
R31600SCB,8
R54036CNZ,0
R982130OCB,0
R31499CCB,1
R31498CCB,1
R53068ONZ,728
R55094SNZ,0
R34284SNZ,20
R981214SNZ,14
R55083SNZ,30
R981775SNZ,2
R34255SNZ,62
R31420SNZ,2
R54142SNZ,15
R34317SNZ,0
R54182SNZ,0
R55199CCB,0
R5383CCB,2
R582152ONZ,4
P1202CDM,0
R981053SCB,24
R55118SNZ,46
R54036SNZ,2
R55177SNZ,24
R5599SNZ,0
R53018SNZ,72
R54173SNZ,6
R981199SNZ,64
R54035SNZ,30
R54032SNZ,98
R54029SNZ,0
R31553SNZ,0
R31509CNZ,224
R34279CNZ,371
R55183CNZ,0
R55184CNZ,0
R54199SNZ,77
R55119SNZ,68
R34256SNZ,56
R54025SNZ,10
R31389SNZ,56
R54079SNZ,56
R54114SNZ,6
R34314SNZ,10
R53062SNZ,1
R53061SNZ,4
R34414SNZ,20
R53056SNZ,41
R54097SNZ,24
R55040SNZ,6
R55155SNZ,38
R31455SNZ,2
R34248SNZ,18
R31037SNZ,74
R34009SNZ,2
R54107SNZ,1
R34498SNZ,18
R31655SNZ,0
R34220SNZ,4
R34424SNZ,8
R31591SNZ,6
R31325SNZ,1
R982055SNZ,0
R982044SNZ,1
R53018SCB,14
R53019SCB,40
R34487SCB,55
R54060SCB,2
R31594SCB,12
R31598SCB,2
D35069ONZ,2
R31397SCB,12
R31571SCB,8
R34505SCB,6
R31593SCB,0
R31592SCB,0
R31404SCB,14
R981000SCB,20
R53071SCB,5
R31610SCB,0
R34362SCB,10
R34220SCB,225
R31611SCB,22
R55196SCB,72
R34400SCB,32
R55194SCB,12
R31507ONZ,8
R34475SCB,7
R34421SCB,20
R54030SCB,39
R54025SCB,24
R34206SCB,5
R54070SCB,10
R55118SCB,22
R34208SCB,16
R34504SCB,16
R53063SCB,88
R31552CNZ,98
R31415CNZ,34
R31412CNZ,64
R54093CNZ,92
R31410CNZ,18
R581913CNZ,26
R980630CNZ,30
R31477CNZ,65
R54143CNZ,48
R54182CNZ,152
R31431SCB,38
R54103SCB,145
R5115OCB,0
R54105SCB,196
R31414SCB,12
R54043SCB,4
R53064SCB,4
R31400SCB,2
R5599SCB,2
R55047SCB,173
R34379ONZ,0
R781767SCB,68
R55102SCB,44
R31507SCB,2
R31655CNZ,0
R34220CNZ,86
R34173CNZ,256
R31368CNZ,102
R31439CNZ,0
R34470SCB,302
R54196CNZ,78
R31329CNZ,118
R582039CNZ,10
R31463CNZ,108
R31405CNZ,68
R55171CNZ,62
R54154CNZ,178
R31661CNZ,5
R31314CNZ,0
R34368CNZ,6
R34366CNZ,1
R582455ONZ,50
R982566ONZ,20
R582457ONZ,62
R45925ONZ,16
R982543ONZ,14
R982159ONZ,42
R31439ONZ,13
OCG1261,22
OCG1268,26
R54118CNZ,0
R34168ONZ,8
OCG1212,130
R31539SCB,12
R54193ONZ,448
R5370CNZ,0
D80011ONZ,2
OCG1140,16
OCG1267,38
R31573ONZ,16
R31165ONZ,36
R982126ONZ,14
OCG1224,92
"VEST BLUE 4XL",30
"VEST BLUE 5XL",20
"VEST ORANGE 4XL",50
"VEST ORANGE 5XL",50
R982488CCB,0
R34431ONZ,236
R981503ONZ,387
"STRETCH WRAP 12",320
R31482CNZ,306
R34426CCB,1
R31483CCB,1
R31599SCB,4
R982487OCB,1
R53041OCB,1
R31269OCB,0
R31427OCB,0
OCG1236,44
R53061CNZ,0
R981775CCB,2
R34428CCB,1
R54013CCB,2
R34209ONZ,56
R31242CNZ,2
R582459ONZ,46
R982109ONZ,0
R682151SNZ,2
R982567ONZ,62
R31527SNZ,0
R54130CNZ,93
R781099CNZ,42
R31435CNZ,46
R982354CNZ,108
R34367CNZ,22
R54189SCB,90
OCG1177,44
OCG1085,48
R981776ONZ,32
R982123CNZ,0
R31642CCB,2
R31615CCB,2
R34297ONZ,4
R31623ONZ,20
D80105ONZ,0
R31544ONZ,300
R34407CCB,0
R34405CCB,0
R31419CCB,2
R5365CCB,4
R34470CCB,0
R681993CCB,6
R31376CCB,2
R34491CCB,2
R31159CCB,2
R34143CCB,2
R31546CCB,4
R31267CCB,1
R45898OCB,0
R53009OCB,0
R31443SNZ,0
R34360SCB,1
R982264SCB,4
R55066CNZ,128
R54111CNZ,149
R982435ONZ,90
R982436ONZ,26
R982073ONZ,18
R53061SCB,156
R982104CCB,0
R31441OCB,0
R982498ONZ,92
R582456ONZ,50
R53007ONZ,0
R3290ONZ,0
R31159CNZ,0
R5485CNZ,0
R31475CNZ,0
R34294CNZ,160
R34317CNZ,120
R31245CNZ,0
R582031SNZ,20
R981620SNZ,24
R31602SCB,24
R782430ONZ,62
R582032SNZ,26
R982036SNZ,24
R31172SNZ,114
R31430SNZ,60
R45926SNZ,26
R681951SNZ,26
R45533SNZ,26
R782484SNZ,24
R982035SNZ,24
R34207SCB,22
R31450CCB,1
R31449CCB,1
R53064CCB,3
R55095OCB,0
R31416OCB,0
R31446OCB,0
R982612ONZ,72
R982511ONZ,66
R581783ONZ,46
R31605ONZ,44
R31402SCB,43
R34369CCB,2
R55102SNZ,18
R53051SNZ,3
R54109SNZ,26
R54111SNZ,2
R54099SNZ,4
R31449SNZ,3
R31450SNZ,2
R981066SNZ,48
R34265SNZ,0
P1735CDM,0
R31595SNZ,22
R981067SNZ,46
R54100SNZ,4
R31163SNZ,50
R34206SNZ,4
R31404SNZ,30
R53009SNZ,8
R31636SNZ,2
R5119SNZ,46
R3464SNZ,24
R34055SNZ,32
R55126SNZ,22
R54017SNZ,0
R53019SNZ,46
R54112SNZ,6
R55125SNZ,38
R31525SNZ,26
R31602SNZ,30
R31057SNZ,8
R5118SNZ,62
R681939SNZ,10
R55171SNZ,4
R54143SNZ,1
R55163SNZ,14
R54162SNZ,1
R31333SNZ,4
R31528SNZ,4
R781769SNZ,60
R55120SNZ,38
R31452SNZ,22
R31244SNZ,18
R34211SNZ,4
R31243SNZ,16
R31495SNZ,24
R31371SNZ,8
R34409SNZ,3
R31314SNZ,0
R34507SNZ,48
R31594SNZ,12
R31599SNZ,10
R31598SNZ,4
R53004SNZ,120
R54011SNZ,0
R31393SNZ,4
R31349SNZ,0
R54126SNZ,4
R781768SNZ,1
R31291SNZ,2
R31445SNZ,2
R31444SNZ,2
R31143SNZ,2
R31386SNZ,4
R5386SNZ,10
R34207SNZ,12
R31384SNZ,2
R31482SNZ,1
R34216SNZ,1
R55078SNZ,6
R5399SNZ,1
R31056SNZ,4
R34491SNZ,42
R5356SNZ,32
R34397SNZ,2
R54047SNZ,10
R55101SNZ,12
R31391SNZ,6
R55011SNZ,2
R55166SNZ,3
R53068SNZ,0
R31050SNZ,0
R55184SNZ,36
R55183SNZ,16
R54132SNZ,4
R34144SNZ,0
R981956SNZ,2
R31375SNZ,2
R34294SNZ,44
R34371SNZ,4
R31347SNZ,1
R55131SNZ,8
R5580SNZ,4
R31268SNZ,2
R34505SNZ,40
R54130SNZ,50
R5382SNZ,4
R31302SNZ,8
R31432SNZ,4
R31412SNZ,116
R31253SNZ,50
R31411SNZ,6
R54093SNZ,50
R31458SNZ,18
R55060SNZ,4
R54154SNZ,0
R31392SNZ,2
R31479SNZ,0
R55018SNZ,0
R31431SNZ,22
R5360SNZ,42
R31512SNZ,7
R31436SNZ,32
R31405SNZ,4
R31363SNZ,31
R31510SNZ,46
R3295SNZ,2
R54094OCB,0
D35064ONZ,4
R54098OCB,2
R31496SNZ,34
R31493SNZ,6
R31453SNZ,4
R55039OCB,2
R34364SNZ,2
R34100SNZ,0
R31058SNZ,30
R31435SNZ,4
R31366SNZ,1
R31491SNZ,40
R55196SNZ,4
R31459SNZ,2
R31434SNZ,0
R31417SNZ,35
R31648SNZ,56
R53055SNZ,12
R31439SNZ,1
R54115SNZ,2
R54090SNZ,24
R54010SNZ,2
R55098SNZ,10
R54042SNZ,22
R981500SNZ,1
R31465SNZ,28
R55050SNZ,50
R55090SNZ,16
R55079SNZ,42
R55080SNZ,19
R5381SNZ,2
R31517SNZ,40
R31469SNZ,1
R31398SNZ,0
R54027SNZ,6
R682151ONZ,24
R981958ONZ,21
R5485SNZ,2
R53050SNZ,1
R55034SNZ,0
R582034ONZ,111
R31624CNZ,42
R982112ONZ,46
R982548ONZ,50
R34248CNZ,0
R31440SNZ,4
R34178SNZ,2
R34175SNZ,4
R31456SNZ,28
R31416SNZ,4
R54164SNZ,10
R31543SNZ,9
R55176SNZ,6
R31043SNZ,1
R31540SNZ,52
R31415SNZ,12
R31454SNZ,2
R34215CNZ,2
R31299SNZ,68
R31337SNZ,0
R31480SNZ,46
R34168SNZ,70
R31329SNZ,2
OCG1178,50
R34359OCB,0
R982041CNZ,2
R31553SCB,329
P974CDM,7
R981814ONZ,0
R31447ONZ,10
R34331ONZ,0
R34307CNZ,2
R681995CNZ,0
P1761CDM,1
P273CDP,28
D31526ONZ,0
P698CDP,0
R31465ONZ,78
P1165CDM,0
P1099CDP,0
OCG0256,21
OCG0259,21
AFN1833,0
R31473ONZ,36
R31553CNZ,111
P1846CDP,0
R34424CNZ,72
R31306SNZ,1
R31569SNZ,3
R31544SNZ,0
R31447SNZ,1
R54153SNZ,0
R31507SNZ,1
P1337CDP,0
P866CDP,0
P1061CDP,0
P775CDP,20
P652CDP,0
P805CDP,0
R53049SCB,0
R31625CNZ,0
P551CDP,0
R34247SNZ,2
R31105SNZ,2
R55159SNZ,1
R31373SNZ,1
R55133SNZ,1
OCG0254,0
OCG1213,2
R55093SNZ,2
OCG1035,0
R34359SNZ,0
R980984SNZ,0
S736MD,0
R53036SNZ,0
R5375SNZ,2
R55073SNZ,52
R981065SNZ,40
OCG0682,42
OCG0680,6
R31473SNZ,1
R53064SNZ,2
OCG0089,56
R31546SNZ,24
R31159ONZ,44
OCG1164,0
R53023SNZ,2
R55140SNZ,2
R31227ONZ,0
R54156SCB,0
R31533SCB,2
R982070ONZ,4
R31508SNZ,2
R31359ONZ,8
R53008ONZ,2
R54153CCB,0
R55013ONZ,0
R31529SCB,70
R34296ONZ,2
R31512CCB,2
R54135ONZ,2
R34424OCB,0
R31645SCB,0
R31440CCB,0
R55093OCB,0
R981500OCB,0
R53038OCB,0
R55179SCB,3
R31479SCB,0
R981023SCB,44
R31508SCB,0
8100063,6
8100040,12
8100039,0
8100074,2
8100223,4
8100151,8
8100626,10
R34488SCB,58
8100511,0
AFN1916,0
R31434OCB,0
R53036OCB,0
R53050OCB,0
R34364OCB,0
R31363OCB,0
R34367OCB,0
R53038CNZ,316
R53036CNZ,50
R54080OCB,0
R5399OCB,0
R54155OCB,0
R31424OCB,0
R31590OCB,0
R53051OCB,0
R53043OCB,0
R582033OCB,0
R31373OCB,0
R53006OCB,0
R34279CCB,0
R53038CCB,1
R5399CCB,0
R34475CCB,4
R34305CCB,2
R34366CCB,2
R31266ONZ,7
R54093ONZ,126
R55150ONZ,145
R31636CNZ,30
R981470ONZ,264
R980981ONZ,182
R981214ONZ,76
R53043CNZ,117
R34390CNZ,288
R31317ONZ,210
R53041ONZ,306
R982264ONZ,10
R31269SNZ,0
R31625SCB,108
R54154ONZ,11
R34359ONZ,2
R34143CNZ,0
R31322ONZ,2
R34279ONZ,490
R981958CNZ,2
R55157CNZ,0
R31475ONZ,4
R34498SCB,6
R31583CNZ,48
R31424CNZ,0
R31427CNZ,50
R34426CNZ,36
R582038CNZ,13
R34470CNZ,252
R5394ONZ,2
R982153ONZ,35
R31242ONZ,0
R54168ONZ,0
R682291ONZ,60
R982124CNZ,0
R31316CNZ,6
OCG0232,0
R34312CNZ,34
R55185CNZ,2
R31406ONZ,39
R34475CNZ,0
R31590CNZ,0
R582034CNZ,206
P885CDM,2
R31590ONZ,61
R55055CNZ,60
R5399CNZ,0
R981165CNZ,0
R982115CNZ,0
R55084CNZ,80
R31337CNZ,98
R31408CNZ,114
R982676ONZ,0
R53022CNZ,110
R54109CNZ,102
R31488CNZ,54
R31506ONZ,0
R31483CNZ,314
OCG0356,74
R34364CNZ,36
R34426SCB,124
OCG1257,48
R55122CNZ,128
R54193CNZ,250
R34431CNZ,528
R31377ONZ,0
R681781ONZ,44
R982078ONZ,2
R34168CNZ,60
P1719CDP,3
R31538CNZ,46
R31547CNZ,195
R31549CNZ,99
R31347CNZ,162
R31374CNZ,1
R54188SCB,86
R31605CNZ,0
R34413CNZ,0
R31594CNZ,40
R31550CNZ,20
R31306CNZ,122
R54094CNZ,80
R53071CNZ,48
R682263CNZ,144
R781087CNZ,70
R34428CNZ,39
R31425CNZ,78
R34386CNZ,84
R682151CNZ,122
R5118ONZ,76
R54166CNZ,76
R31594ONZ,2
R34211ONZ,32
R31625ONZ,224
R31266CNZ,0
R5360ONZ,22
R55167ONZ,0
P1578CDP,3
R31456ONZ,0
R981503OCB,0
R981506OCB,0
R55105CNZ,2
R53063CNZ,0
R5375ONZ,0
R31464CNZ,0
R31522ONZ,20
R31523ONZ,17
R45967ONZ,16
R45968ONZ,18
P1192CDP,0
R31636SCB,4
R981470CNZ,0
R34431SCB,458
OCG0318,102
OCG0312,18
OCG1207,28
OCG1206,27
R31513ONZ,32
R31037ONZ,415
R31611CNZ,0
R982153CNZ,0
R34306CNZ,0
P576CDM,0
R34255OCB,0
R34301CNZ,2
R31469OCB,0
P1892CDM,0
R982513ONZ,22
R31348CCB,0
R31375CCB,0
R53071SNZ,2
R781087SNZ,2
R34231CNZ,0
R981004CNZ,2
R581912ONZ,40
R31294SNZ,2
R34216ONZ,0
P2223CDM,1
R31411CNZ,0
R31470ONZ,2
R31476ONZ,2
R34198CNZ,0
R31263CNZ,0
R34111CNZ,0
AFN1158,8
P2135CDM,49
R31450CNZ,1
R31449CNZ,1
R55152SNZ,0
R31441CNZ,0
R981000CNZ,2
R31411ONZ,0
R31507CNZ,0
R54013CNZ,2
R981773SNZ,0
OCG0511,208
OCG0052,114
OCG0346,76
P1694CDM,2
P632CDM,0
P1101CDM,0
S886MD,19
R55171CCB,0
R54036ONZ,2
R31396ONZ,0
R582000SCB,96
R34247SCB,2
R31414CCB,0
R982129CNZ,0
R53048CNZ,2
R981064SCB,56
R31029ONZ,112
R981214SCB,0
R982570ONZ,0
R682151SCB,72
DMGLOVES-L,7183
DMGLOVES-M,7102
DMGLOVES-TP-L,7360
DMGLOVES-TP-M,6800
S785MD,1
R982292CNZ,0
R31438CNZ,2
OCG0062,0
R34425ONZ,0
R982285CNZ,0
OCG0159,26
R981500SCB,160
R982495ONZ,34
R31547ONZ,82
OCG1215,58
R54112ONZ,0
R54198CNZ,0
R31052ONZ,48
R34359CNZ,2
R31312OCB,0
R982494ONZ,28
R31450ONZ,5
R31449ONZ,6
R31446CCB,2
R55157CCB,2
R981786CCB,2
R982153CCB,2
R53006CCB,0
R31605CCB,2
R45898CCB,2
R31584OCB,1
R31615OCB,0
R54193OCB,0
R34303OCB,0
R54079OCB,0
R31603OCB,0
R31275OCB,0
R981004OCB,0
R31337OCB,0
R31306OCB,0
R34470OCB,0
R54123OCB,0
R582060OCB,0
R31518OCB,0
R54166OCB,0
R55156OCB,0
R34203OCB,0
R31553OCB,0
R682151OCB,1
R31599OCB,0
R982123SCB,144
R31105ONZ,42
R31038ONZ,33
R3287ONZ,3
R31149ONZ,0
R981835CNZ,0
OCG1282,60
R54078ONZ,48
R54074ONZ,26
R5382CNZ,1
P1413CDM,0
R34291ONZ,34
R982273ONZ,28
R31126ONZ,1
R31097ONZ,1
R31289CNZ,0
R581999CNZ,0
R53043CCB,0
R31569CCB,2
R31266CCB,2
R54142OCB,0
R681993OCB,0
R54125OCB,0
R31422OCB,0
R981958OCB,0
R581999OCB,0
R582000OCB,0
R34256OCB,0
R31257OCB,0
R31389OCB,0
R31015ONZ,20
P905CDP,3
P1044CDP,4
P1273CDP,6
P815CDP,0
P653CDP,0
R31075CNZ,0
OCG0167,60
OCG0340,22
OCG0339,24
OCG0342,56
OCG1211,58
R55094OCB,0
OCG0871,36
OCG1133,38
R582000CNZ,26
R5362ONZ,4
R54103CCB,2
P758CDM,0
R31357CNZ,0
P1160CDP,31
P1104CDM,24
R34303SNZ,0
R54166CCB,4
R55155CCB,2
R55159CCB,0
R55179CCB,2
R31336OCB,0
R55085OCB,0
R31505OCB,0
R54181OCB,0
R55120OCB,2
R31245OCB,0
R55108OCB,2
R31468OCB,0
R53023OCB,0
P832CDM,0
R34498CNZ,2
R34161ONZ,0
R34162ONZ,0
R34007ONZ,0
R31029OCB,0
R5371OCB,2
R982048OCB,2
R31270OCB,0
R31492OCB,2
R54130CCB,2
R682151CCB,0
R31373CCB,1
R34055CCB,1
R55199OCB,1
R31325OCB,1
R31508OCB,1
R31366OCB,1
R55184OCB,1
R34279OCB,0
R980630OCB,1
R34258OCB,1
R55174OCB,1
R982124SCB,0
R31232ONZ,0
R982147ONZ,0
R55082ONZ,0
R982380ONZ,56
OCG0310,54
R55161ONZ,0
R55180ONZ,0
R34272ONZ,0
R54117ONZ,2
R3134ONZ,0
P1793CDM,0
R31591ONZ,0
R31413ONZ,2
R45899ONZ,0
R55075ONZ,2
R982348ONZ,1
R31600ONZ,0
R31593ONZ,1
R53048ONZ,0
OCG0780,0
R34360SNZ,0
R55102ONZ,0
R31259ONZ,0
R31570ONZ,0
R31574ONZ,0
R5389ONZ,1
R982348CNZ,2
R34333ONZ,0
D35113ONZ,0
R54152CNZ,0
R681994CNZ,0
R980984CNZ,0
R981040ONZ,0
R55080CNZ,68
R982118ONZ,0
R982121ONZ,0
R34210ONZ,0
R34212ONZ,0
R53015ONZ,0
R34281ONZ,0
R54007ONZ,0
R55169ONZ,2
P612CDM,1
R981009ONZ,0
R34342CNZ,0
R981086CNZ,0
R981775CNZ,0
R54006ONZ,0
R981956CNZ,0
R981914CNZ,0
OCG1198,52
R54200ONZ,52
R981990ONZ,0
R982092ONZ,0
R54014ONZ,0
DMGLOVES-TP,298
P256CDM,0
R34146ONZ,0
R34253ONZ,0
R980962ONZ,0
R5386ONZ,0
R31592ONZ,1
P493CDM,0
R31142ONZ,0
R34198ONZ,0
EMZONE-BC,0
R682087ONZ,0
R31600CNZ,2
R31058CNZ,2
R54151ONZ,2
R55028ONZ,0
R981771ONZ,46
R31166ONZ,0
R5393ONZ,2
R982543CNZ,0
