num,sum(qty)-sum(tmp)
R31590ONZ,861
P1636CDM,754
R53040SCB,841
P1007CDM,379
R54142ONZ,771
AFN1898,444
R31347CNZ,844
P752CDM,853
R5115SCB,549
R582038CNZ,631
R31595ONZ,809
R45926SCB,960
R31134ONZ,627
R31600ONZ,547
R34400SCB,361
AFN1917,583
P1333CDM,244
R31430SCB,222
R55050ONZ,955
R3264CNZ,213
R31158SCB,307
AFN0757,217
AFN0876,918
OCG0298,442
R982548ONZ,223
OCG0522,606
R31593ONZ,340
OCG1123,352
P2045CDM,851
R31291SCB,418
AFN1779,321
P1084CDM,941
R31458ONZ,964
OCG1282,459
R31527SCB,655
P1827CDM,723
AFN1596,600
R981620SCB,346
P647CDM,738
OCG0695,533
P1578CDM,915
AFN0939,816
P700CDM,687
P812CDP,800
AFN1699,597
OCG0022,719
OCG0280,642
R31369SCB,964
R982055SCB,263
R34298ONZ,505
R54126SCB,306
OCG1204,901
R31384SCB,365
R54027SCB,740
OCG1272,220
P2118CDM,680
R54013CNZ,616
P757CDP,426
P698CDM,317
R982041ONZ,989
R31550ONZ,928
R582455ONZ,768
R31496SCB,807
R34380ONZ,770
R34144ONZ,493
R782430ONZ,877
AFN0702,776
P1562CDM,910
OCG1071,275
AFN0913,917
P784CDM,601
R55140SCB,719
P1340CDM,665
AFN1129,975
R31314ONZ,797
OCG0324,296
AFN1557,546
R981779SCB,460
P937CDP,751
R31612CNZ,708
R31648ONZ,697
OCG0689,505
R55140ONZ,734
R31483ONZ,712
R682151ONZ,852
R31452SCB,246
AFN1718,804
OCG0309,582
P369CDM,988
OCG0220,706
P1830CDM,921
P1800CDM,897
AFN0588,393
AFN1561,363
OCG0243,750
R982115CNZ,878
AFN1088,563
P746CDM,718
P1689CDM,601
R31316SCB,896
AFN1815,356
R34398ONZ,978
R55191SCB,219
AFN1465,398
R982581ONZ,359
R53050CNZ,223
R53050ONZ,200
OCG0834,416
R582152ONZ,259
R31655ONZ,836
P730CDM,802
R54153CNZ,960
P1633CDP,696
P904CDM,757
R34211ONZ,801
P1522CDM,700
R34284ONZ,581
R31315SCB,294
AFN1666,354
P2225CDM,973
R54154SCB,369
R982123SCB,449
OCG1262,699
R34390CNZ,772
R55130ONZ,490
OCG1213,510
AFN0540,433
AFN0746,405
R31257CNZ,779
R54199ONZ,929
AFN1853,955
R31655CNZ,762
R31383SCB,525
R31057SCB,669
R31479ONZ,217
P674BCDP,543
P1762CDM,967
R31288ONZ,400
R55080ONZ,764
R53068CNZ,456
R31439CNZ,256
R31493CNZ,460
P333CDM,598
P723CDM,278
OCG1188,950
OCG1196,339
OCG1201,335
R31420SCB,371
OCG0307,306
AFN1585,820
R31340ONZ,686
R31549CNZ,598
AFN1818B,529
R31459ONZ,527
P242CDM,773
R53009ONZ,629
AFN2186,571
R53069ONZ,793
R34314ONZ,362
P323CDM,936
R31499SCB,615
AFN0635,855
R34064SCB,425
AFN0935,332
OCG0209,658
P1707CDP,771
R31463CNZ,867
AFN2050,801
P886CDM,670
AFN1609,332
P1490CDM,367
OCG1218,777
R34274ONZ,539
AFN0674B,980
R45987ONZ,271
P1287CDP,281
R54189SCB,247
OCG1085,452
P1331CDM,298
OCG0839,300
AFN1490,209
AFN2115,862
R54198ONZ,750
P2208CDM,902
AFN1977,538
R981914ONZ,294
AFN0978,894
P540CDM,524
P779CDM,499
R53024SCB,856
P1091CDM,563
R34272SCB,756
P1426CDM,475
P782CDM,916
R31446ONZ,523
AFN1618,425
R5485SCB,243
R31050ONZ,951
AFN1875,495
R31247CNZ,413
OCG0649,282
P2180CDM,675
AFN1743,532
P1105CDP,800
R45616ONZ,259
P648CDM,646
OCG1109,311
R34206SCB,597
OCG0909,260
R581999ONZ,906
AFN1913,929
OCG0483,763
P1114CDM,283
R34286ONZ,410
R34368CNZ,926
OCG0223,991
R981023SCB,239
R982128ONZ,973
R34504SCB,377
OCG1192,269
R31391SCB,237
P1602CDP,774
R31285ONZ,369
OCG0672,990
AFN1468,639
R31410CNZ,951
P1938CDM,865
R55027ONZ,945
OCG0212,292
R53005CNZ,696
OCG1114,991
R31377SCB,260
R31343ONZ,438
R981064CNZ,985
R31153ONZ,369
P868CDP,684
OCG1220,300
P1365CDM,892
AFN1760,209
AFN1810,986
R31273ONZ,365
P805CDM,635
P1540CDP,856
R54062ONZ,363
R34409SCB,869
P655CDP,245
R5118ONZ,570
P1872CDM,639
AFN1403,998
OCG0283,888
R53019ONZ,496
AFN1521,570
R31372ONZ,432
R31105ONZ,342
R55087SCB,805
P601CDM,390
P553CDM,284
OCG1260,381
AFN1613,848
AFN1510,345
OCG1190,789
R31333SCB,414
R31610SCB,698
R34424CNZ,749
R54099ONZ,802
R55097ONZ,207
AFN2270,893
AFN0986,279
R54097ONZ,320
R34505SCB,491
AFN1761,471
R982008SCB,388
R54173SCB,643
R34423ONZ,259
R55120SCB,721
AFN1362,413
R54006SCB,965
OCG0029,468
R55179ONZ,614
P1305CDM,461
AFN1345,691
AFN0471,417
OCG0186,287
AFN1865,308
R54093CNZ,343
OCG1004,748
AFN0831,544
AFN1296,603
R34126ONZ,293
R582060ONZ,287
R31440SCB,557
AFN1828,874
P1892CDM,543
R31538SCB,723
OCG0139,965
R31469ONZ,249
OCG0741,651
AFN1346,931
R31532CNZ,867
P648CDP,731
R31373ONZ,992
R55095SCB,879
R34367CNZ,571
P1046CDM,734
R5393ONZ,749
R55171ONZ,258
P1665CDM,831
P325CDM,445
P1392CDM,416
R982104ONZ,679
OCG0524,795
R981779ONZ,689
AFN0798,757
P934CDM,636
OCG0208,673
OCG0189,639
R34193ONZ,912
AFN0564,987
R981958SCB,775
P1042CDM,884
OCG0271,936
P471CDM,495
R55160SCB,397
R34499SCB,392
P1318CDP,519
R31455SCB,560
P831CDP,563
OCG0255,296
R31648SCB,808
R5362SCB,894
OCG0523,550
R55060ONZ,855
P1720CDM,876
P885CDP,468
AFN1037,428
R982285ONZ,311
R31179ONZ,406
R55209ONZ,266
P941CDP,552
AFN2180,735
P1408CDM,835
P571CDM,782
R34319ONZ,312
AFN0784,466
P1195CDM,739
AFN2118,887
P815CDP,707
R54109ONZ,779
AFN1018,369
P1009CDM,287
OCG0316,213
OCG1265,216
OCG0448,585
P1330CDP,439
AFN1653,465
R55127SCB,305
OCG1195,286
R3214ONZ,963
R582034ONZ,808
R34366ONZ,873
R982435ONZ,806
R53022ONZ,996
R981787ONZ,960
P699CDM,268
R55122CNZ,784
R31263ONZ,688
R55118ONZ,413
R982035SCB,596
AFN0884,790
OCG0090,468
P52CDM,425
R31414CNZ,290
OCG0455,619
AFN0856,747
R54170ONZ,442
AFN0823,731
AFN0979,380
OCG0760,323
R31592SCB,414
OCG0719,764
P867CDM,537
P340CDM,902
R53054ONZ,600
R55125ONZ,720
R31232SCB,390
R31042SCB,691
R31372SCB,483
OCG0281,949
AFN0700,928
R31533ONZ,382
P1670CDM,546
R55167ONZ,722
P908CDM,343
P1954CDP,943
R31624CNZ,677
OCG0635,317
P1977CDM,369
R982272ONZ,788
R31661CNZ,947
R55117ONZ,883
R53014SCB,774
AFN1309,661
R5356SCB,725
R5383ONZ,345
OCG0306,343
AFN0774,632
AFN0710,716
R31645SCB,462
P2036CDM,835
R53043SCB,921
AFN2207,251
OCG0315,595
R34414SCB,650
P799CDM,1000
R34403ONZ,550
R31362ONZ,349
AFN1914,470
AFN0606,451
AFN0981,996
AFN0980,625
R55177CNZ,523
P1892CDP,246
R44903SCB,607
P1784CDM,758
R31648CNZ,989
P529CDM,659
OCG0325,672
R581045ONZ,833
P666CDM,960
AFN1744,509
AFN1903,200
R54071ONZ,811
P1037CDM,676
OCG0500,334
OCG0177,528
OCG0821,304
R31312CNZ,329
P1101CDM,969
P1694CDP,255
R31163ONZ,567
R54198SCB,728
P1259CDM,926
OCG0651,275
P829CDP,418
P858CDP,230
R45533ONZ,315
P1007CDP,758
AFN0864,330
R54030ONZ,571
OCG1177,749
OCG0050,517
AFN0906,413
R54044SCB,712
R31449CNZ,655
AFN0840F,414
AFN0661,231
P1308CDP,513
R53042ONZ,424
P1504CDM,545
AFN1038,514
AFN1658,477
R54141ONZ,209
P1608CDM,752
P1509CDM,783
R31050CNZ,278
P1171CDM,208
R31440CNZ,869
P1035CDM,621
R53042CNZ,338
R31511CNZ,592
P964CDM,511
AFN2136,896
P641CDM,601
OCG0773,340
AFN0869,913
P1790CDM,476
P1811CDM,322
R31593SCB,885
OCG1106,951
R31302SCB,786
P848CDP,704
R981775SCB,486
R31468ONZ,240
P893CDP,880
P805CDP,665
R34403CNZ,819
R682429ONZ,758
OCG0694,848
R31490ONZ,578
R34364ONZ,537
R53008SCB,896
R54160ONZ,237
P1070CDM,705
R982354CNZ,594
R34379ONZ,880
R982153ONZ,502
OCG0438,433
OCG0156,665
P1160CDP,716
R682263ONZ,692
R44888ONZ,979
AFN0948,574
OCG0720,432
P920CDM,499
P1328CDM,271
P580CDM,716
P1697CDP,455
R31275ONZ,717
R982363ONZ,497
P1971CDP,554
R54098ONZ,513
R34314CNZ,932
R53044ONZ,456
AFN1871,581
AFN1204,688
P1737CDM,292
R31385ONZ,289
P1759CDM,255
OCG0840,221
OCG0658,886
AFN0723,670
R781768SCB,319
R981023ONZ,493
P1421CDM,859
R55196SCB,254
R45925ONZ,466
R54196CNZ,778
P409CDM,772
R54080SCB,451
P696CDP,313
R34364CNZ,395
R582038SCB,482
P2190CDM,225
R31431SCB,377
R54060SCB,337
P332CDP,344
OCG1015,747
OCG0274,771
R31624ONZ,769
AFN1794,439
R31591ONZ,580
R55183ONZ,924
R34426CNZ,820
R34162SCB,489
R34100SCB,716
OCG0253,372
R55072SCB,529
R55174SCB,602
P1149CDM,352
OCG1154,644
OCG1182,231
P436CDM,264
AFN0391,356
P1295CDM,926
R31243ONZ,318
R54194SCB,839
R55159SCB,421
P674BCDM,449
R34018ONZ,259
R34347SCB,276
P1852CDM,923
P913CDP,237
OCG0568,879
R31612SCB,708
R981835ONZ,303
R34312SCB,915
R54093SCB,772
R34376ONZ,879
P760CDM,752
R54181ONZ,643
R34403SCB,871
P969CDP,954
AFN1371,287
OCG0291,922
AFN1308,839
R982354SCB,657
R31497SCB,845
P1056CDM,735
R781766SCB,612
R34313ONZ,543
R31511SCB,640
OCG0736,356
OCG0345,889
AFN1091,208
P1901CDM,875
P868CDM,265
P1119CDP,267
AFN0627,751
R31464CNZ,767
R31357SCB,554
AFN1584,631
R34180SCB,571
R5371CNZ,359
P1346CDP,927
P931CDM,734
R55183CNZ,222
P1654CDM,358
P915ECDM,323
R34413CNZ,435
OCG0620,253
R31273SCB,922
P667BCDM,923
OCG1229,234
P1802CDM,754
R31505CNZ,821
R31532SCB,978
AFN1274,445
AFN1877,420
R54186ONZ,203
R34499CNZ,583
P889CDP,291
R982104CNZ,535
AFN0370,603
P1818SCDM,479
P935CDM,522
OCG0550,964
OCG0607,205
R54100SCB,629
R31655SCB,906
R31626ONZ,316
R31412ONZ,280
R31642ONZ,981
R31147ONZ,857
R31339ONZ,862
R55094ONZ,599
R31602ONZ,775
R55148CNZ,765
R31275CNZ,633
P1211CDM,936
OCG0216,573
R55034SCB,687
R3464ONZ,496
R55039SCB,753
P803CDP,507
AFN0857,311
P1170CDM,468
OCG1261,227
P1408CDP,365
R34120SCB,840
OCG0297,992
R31372CNZ,288
OCG0222,717
R981065SCB,592
R34349CNZ,955
R54011ONZ,304
R982062ONZ,662
P2219CDM,726
AFN0667B,920
AFN0840M,488
R54112SCB,918
R34414CNZ,659
R55011SCB,751
R54122SCB,582
P540CDP,970
R31433CNZ,910
P332CDM,414
P1465CDP,625
OCG0683,504
OCG0187,902
OCG0335,514
OCG1160,535
P975CDM,615
P2169CDM,487
R31477CNZ,661
AFN0461,852
R54084CNZ,489
R31477ONZ,523
P700CDP,315
R31475CNZ,280
R54172ONZ,586
P636CDM,634
R34208ONZ,806
R31311ONZ,889
OCG0830,391
P1020CDM,784
R31449SCB,970
P952CDP,803
R31313SCB,618
R34299SCB,843
R981814ONZ,617
P1318CDM,796
R55194ONZ,587
R31543CNZ,249
R31433ONZ,453
R5386SCB,775
P918CDM,838
R982494ONZ,462
OCG1031,675
P1178CDM,402
P731CDM,446
R31450ONZ,936
AFN0909,209
R53021ONZ,510
P965CDM,811
R31425ONZ,701
R31289ONZ,774
R31539ONZ,314
R55049ONZ,462
AFN1646,565
P1453CDM,326
R682151CNZ,475
P711CDM,643
R981956CNZ,896
OCG0516,551
R5381ONZ,311
R55074ONZ,842
R31520SCB,789
AFN0664,971
AFN1693,564
R31598ONZ,902
R55126CNZ,307
P915CDM,512
R31003ONZ,913
R980981SCB,266
P768CDM,397
AFN1012,457
AFN1318,743
P1120CDM,477
OCG0865,875
OCG1127,855
R54196ONZ,596
AFN1892,393
R31549SCB,794
R681938ONZ,255
P1001CDM,812
OCG0508,413
P1506CDM,442
P1012CDM,773
R31601SCB,872
OCG0563,744
AFN0619,564
R782320ONZ,358
R31329ONZ,274
AFN1838,828
OCG1271,833
R54152SCB,668
R55100ONZ,704
P652CDP,367
P875CDM,233
P920CDP,215
P1843CDM,559
P1378CDM,218
P674SCDM,784
OCG0343,777
R54161ONZ,658
AFN1084,256
AFN1623,971
R54123CNZ,206
R34306CNZ,459
R53010ONZ,781
R34180ONZ,641
R31392ONZ,341
P1186CDP,659
R54166CNZ,308
R3287SCB,946
R53048ONZ,358
P2037CDM,389
R31058SCB,627
R55144ONZ,938
P876CDP,501
R31585SCB,818
P1647CDM,574
R53043ONZ,297
R31428SCB,835
R31498CNZ,726
R981165CNZ,954
P947CDM,543
AFN1378,948
P1571CDP,363
P1412CDP,700
R981065ONZ,398
R31325SCB,672
P838CDM,934
R31475SCB,652
R53011CNZ,571
AFN0874,416
P1347CDM,868
R31266CNZ,693
R55164ONZ,506
R55185CNZ,377
OCG0837,574
R31635ONZ,707
R34216ONZ,471
OCG0137,812
R34173ONZ,533
AFN1608,740
OCG1221,753
R31291ONZ,311
R34363ONZ,792
OCG0848,753
R55175SCB,686
R31571ONZ,752
R54142CNZ,717
R981067SCB,828
AFN1934,770
R31554CNZ,921
P840MCDM,969
R34061ONZ,902
P1846CDP,536
R5396SCB,818
P962CDP,275
OCG0492,398
OCG1184,342
P1736CDM,553
AFN1068,929
R34218ONZ,533
AFN1455,284
R31204ONZ,201
AFN0844,862
R34470CNZ,869
R981067ONZ,404
AFN1451,756
R981823CNZ,505
OCG0528,375
AFN1210,904
AFN1171,609
OCG0822,906
OCG0231,422
OCG0354,453
R34314SCB,838
P1088CDM,279
P1287CDM,450
AFN1795,817
R55178ONZ,530
AFN2191,209
R34303CNZ,966
AFN0647,494
OCG0157,535
R31507CNZ,553
R34220CNZ,910
R55178SCB,954
P228CDP,737
R31481ONZ,982
AFN1008,920
R982285CNZ,222
R34445CNZ,785
R31585ONZ,703
AFN1737,925
AFN1680,215
R31424ONZ,711
OCG0167,550
OCG0277,437
R34475CNZ,658
P2136CDM,463
R3287ONZ,454
R31308ONZ,971
R31375CNZ,847
P323CDP,252
P1308CDM,641
AFN1800,450
R34504ONZ,727
OCG0552,653
R54094CNZ,759
R54115ONZ,935
OCG0447,957
R54029SCB,577
AFN1540,451
P1874CDM,486
R54028ONZ,707
AFN0822,480
P610CDP,634
R980969SCB,447
P650CDM,618
R55179SCB,468
OCG0560,389
AFN1179,375
P1691CDM,776
AFN2037,683
AFN0995,258
P1071CDM,669
P758CDM,213
R982130ONZ,289
AFN0374,473
OCG0680,878
R3464SCB,840
R31356ONZ,958
P829CDM,656
P707CDP,388
R34220ONZ,273
OCG0327,286
OCG0168,1000
R581913CNZ,584
R31453ONZ,896
AFN1611,635
R53036ONZ,990
P610CDM,423
R31410ONZ,468
AFN0677,579
R55126ONZ,291
R34319CNZ,923
R981199SCB,916
R31421SCB,564
R31528SCB,473
OCG0318,685
R31513SCB,590
P2176CDM,987
R54186CNZ,262
R55039CNZ,227
P726CDM,854
OCG1082,386
AFN1467,398
P1719CDM,524
R34312ONZ,779
P1634CDM,978
R34397ONZ,825
AFN0748,422
R34303ONZ,212
OCG0294,820
P793CDM,790
OCG0272,417
P1391CDM,530
R31636SCB,976
OCG0867,836
R54134ONZ,333
P1178CDP,667
R981064ONZ,496
OCG0779,261
R582032ONZ,771
R53005ONZ,901
R54090ONZ,716
AFN1562,285
AFN1736,454
R34215ONZ,705
P1329CDM,531
P1124CDM,476
OCG0549,730
R982110ONZ,821
R781950ONZ,518
OCG0698,818
P952CDM,740
R31509ONZ,460
R981421SCB,201
R54035CNZ,483
OCG0235,930
P956CDM,922
P893CDM,202
P611CDM,984
P1156CDM,656
AFN0898,205
AFN1322,890
R31387SCB,437
R31245ONZ,693
P1086CDM,948
R54152ONZ,489
P1508CDM,885
R31512CNZ,576
OCG0198,329
R55133CNZ,914
P563CDM,408
P2221CDM,978
P1860CDM,584
R5595ONZ,723
AFN0482,408
AFN1086,579
R53069CNZ,451
AFN1894,766
OCG0317,821
OCG1143,279
P840FCDP,844
AFN0532,757
R982148ONZ,799
R981500CNZ,825
R682263SCB,371
R31349CNZ,557
OCG1144,547
OCG0419,970
R55159CNZ,411
R34422SCB,270
R31417ONZ,984
AFN0751,689
R34211SCB,202
OCG0263,495
P1093CDP,310
R53006SCB,412
OCG1002,658
R5704ONZ,608
AFN1731,564
P1653CDP,758
P1774CDM,927
P687CDM,828
R31636ONZ,241
P1592CDM,517
AFN0601,974
R54105ONZ,220
P383CDP,698
P1609CDP,498
R31583CNZ,809
R3295SCB,994
R31058ONZ,287
P724CDM,278
R53041SCB,910
R31339SCB,434
P619CDP,872
R31416ONZ,666
R31311SCB,468
R781766ONZ,398
P1108CDM,767
P666CDP,878
R981214SCB,300
R31370ONZ,785
AFN1697,710
P905CDP,373
R982044CNZ,823
P623CDM,596
R5393CNZ,455
AFN0970,903
R34144CNZ,632
P1358CDM,998
P709CDP,219
R34342ONZ,958
R54048ONZ,796
P871CDP,388
R31367ONZ,201
R54043SCB,703
P1775CDM,528
R31610ONZ,553
OCG0793,792
R31463ONZ,544
P1549CDM,706
R31307ONZ,312
OCG0559,530
R34371SCB,458
P1169CDM,210
R31375ONZ,398
R982348ONZ,489
R53063ONZ,711
AFN1101,504
R34216CNZ,850
P1954CDM,292
R45967ONZ,957
AFN0847,930
R31428ONZ,602
R55066SCB,919
R31377CNZ,328
P948CDM,716
R54197ONZ,909
OCG0493,409
P1384CDP,925
R31517ONZ,636
OCG1226,904
R31317CNZ,405
AFN0659,608
P978CDM,809
OCG0795,964
AFN0754,332
OCG0346,332
P1609CDM,361
R34488SCB,578
R54117ONZ,477
P1309CDM,706
R34315SCB,966
P1578CDP,366
R55133SCB,247
P872CDM,517
R31594CNZ,701
OCG0747,329
R54060ONZ,202
P757CDM,573
P1795CDM,793
R34175SCB,310
OCG1215,295
R55069ONZ,723
R31295SCB,718
P1454CDM,803
R53007SCB,389
AFN1739,314
R31056CNZ,269
AFN0679,663
OCG0666,972
R54042SCB,649
AFN0987,392
AFN0459,369
AFN1735,757
P921CDP,685
P1314CDP,728
P376CDM,678
R55082SCB,279
R31398SCB,977
R31289CNZ,535
AFN1814,716
P632CDM,865
R982487ONZ,467
AFN2038,329
AFN1186,858
OCG0847,993
OCG0519,337
P945CDP,883
P618CDM,446
P476CDM,555
AFN2176,495
AFN2057,512
R34207SCB,884
R54047SCB,462
OCG0850,832
AFN0562,303
P1795CDP,700
P1630CDM,881
R55084CNZ,275
R31479CNZ,271
R54164ONZ,549
R31300ONZ,661
P1510CDM,620
P1793CDM,598
AFN1668,522
R982407ONZ,395
R782485ONZ,215
R31366ONZ,762
P1722CDM,999
AFN1073,253
AFN1044,379
R53026ONZ,554
OCG1223,512
P1731CDM,699
OCG0855,217
R31550SCB,917
P760CDP,624
R5119SCB,932
R980630CNZ,242
R31368SCB,803
AFN1721,621
OCG0097,322
P1934CDM,643
R5485CNZ,351
OCG1124,566
R31425CNZ,278
R54132SCB,691
OCG0247,987
R31508ONZ,844
AFN1014,811
P1479CDM,545
AFN0600,454
R31267ONZ,437
R54133ONZ,782
R54099CNZ,293
P819CDP,728
AFN0440,963
AFN1578,730
R53040ONZ,968
R31242CNZ,269
OCG0320,331
P1874CDP,556
P2162CDM,646
P2199CDM,974
R31499CNZ,474
P642CDM,802
R31444ONZ,782
OCG0517,890
AFN1796,429
R31542ONZ,445
P1362CDM,273
R31432ONZ,374
P1274CDM,666
R54168SCB,926
OCG0505,982
R34023SCB,289
OCG1209,532
R31473ONZ,663
P680CDP,412
AFN0722,996
R55122ONZ,229
R53010SCB,240
P1393CDM,606
OCG1036,857
R54097SCB,483
R53008ONZ,992
P777CDM,303
R582459ONZ,818
R981199ONZ,618
OCG0331,540
R31522SCB,892
R53051CNZ,318
OCG0329,270
AFN1022,788
P1304CDM,314
AFN2042,820
R31392SCB,261
OCG0565,995
R34055ONZ,584
R31573ONZ,828
R982431ONZ,921
OCG1227,561
R34498ONZ,310
OCG0165,219
R44930ONZ,300
P664CDM,870
AFN1447,911
R5360SCB,533
P383CDM,997
R31413ONZ,503
OCG0268,803
P771CDP,292
OCG0630,476
AFN1790,960
R31401SCB,358
R31635SCB,330
P527CDM,371
R31608ONZ,356
OCG0276,655
R31037ONZ,786
R5495ONZ,249
P618CDP,786
AFN1733,476
R34362SCB,483
P954CDM,548
R781770ONZ,948
R31304ONZ,421
R31244ONZ,844
P981CDP,725
AFN1784,740
P576CDM,204
P1808CDM,428
OCG0143,699
OCG0657,343
R55070SCB,897
P853CDP,650
OCG0336,236
R3295ONZ,379
R55184SCB,996
R45533SCB,744
R31594SCB,749
P1031CDP,406
R3290ONZ,453
P710CDP,910
R31250SCB,625
AFN0793,409
R54200ONZ,558
P1924CDM,349
R54094ONZ,386
OCG0252,984
P580CDP,975
P1053CDM,765
R31552SCB,844
R34228ONZ,285
AFN1522,344
R55151SCB,353
P1801CDM,431
OCG0434,375
AFN1041,418
OCG1186,794
OCG1100,579
R31373CNZ,321
AFN0828,352
P369CDP,311
R55090SCB,853
R31569SCB,278
R54161SCB,288
OCG0727,370
AFN1803,228
P484CDP,405
R980984CNZ,872
OCG1164,924
R34294SCB,285
P2178CDM,618
OCG0340,323
R781768CNZ,331
P1697CDM,739
AFN1415,829
R582033ONZ,888
AFN1783,574
AFN1095,458
R34366CNZ,856
P874CDM,405
R31364ONZ,550
P1315CDM,564
R31172ONZ,835
OCG0863,437
R31439SCB,519
P1611CDP,250
OCG0835,393
R54088SCB,464
R54090SCB,747
P813CDM,714
OCG1035,937
R54047ONZ,237
R55169SCB,794
P1848CDP,991
P748CDP,543
R55171SCB,968
AFN0536,604
AFN1333,827
OCG0211,852
R31509SCB,755
R34487ONZ,702
R34233SCB,242
R54074SCB,944
R34412ONZ,392
OCG1027,843
AFN1264,227
R31349SCB,617
OCG1084,233
R31422ONZ,860
R31365CNZ,566
R31559CNZ,222
R54036CNZ,204
R55073SCB,779
P1005CDM,264
OCG0691,496
AFN0687,926
R31568ONZ,766
R3264ONZ,234
R31443CNZ,580
R31624SCB,267
P837CDP,253
R682151SCB,931
R31299ONZ,253
R981956SCB,918
R55166SCB,903
R981004ONZ,648
R54106ONZ,282
OCG0225,701
R34359CNZ,205
R34144SCB,507
AFN1965,340
R34247SCB,985
P770CDM,587
R31514ONZ,271
P1679CDM,676
OCG0548,744
R31526CNZ,936
AFN0641,382
OCG1277,762
AFN1897,918
P1656CDM,584
P960CDP,1000
R31050SCB,742
AFN0975,474
P1351CDM,870
AFN1830,939
P1121CDP,419
OCG1117,711
R55174CNZ,319
P866CDP,742
OCG0731,313
R982143ONZ,631
AFN2162,207
R34431CNZ,274
P746CDP,223
AFN0726,252
R55176ONZ,636
OCG0497,409
P802CDM,836
P1121CDM,277
P1068CDP,257
AFN1730,351
P844CDP,454
AFN1864,454
R31395SCB,485
R31402SCB,605
R31197ONZ,829
AFN1160,642
AFN0883,446
R34210SCB,284
R54134CNZ,932
OCG0131,378
R781109SCB,457
R31601CNZ,279
OCG0682,896
OCG0245,648
R53061SCB,590
AFN1473,790
AFN0729,909
R31598SCB,752
R981773ONZ,535
AFN1855,384
AFN0870,934
R53013ONZ,736
P1100CDM,738
OCG0056,584
OCG0576,663
R3291CNZ,309
AFN0558,520
R31097ONZ,728
R31469CNZ,597
P813CDP,644
P774CDP,333
R55054SCB,920
R54062CNZ,615
P945CDM,946
R34167ONZ,650
AFN1178,592
R31460ONZ,369
P1898CDP,355
R31488CNZ,346
P914CDM,429
AFN1498,780
AFN1656,751
R5381SCB,204
R31544ONZ,341
R34111CNZ,443
AFN1302,579
R55192SCB,590
R31393ONZ,846
P1547CDP,618
R34206ONZ,859
R55150ONZ,562
AFN0770,962
R34212SCB,208
P2189CDM,653
P1384CDM,698
OCG1267,588
R31573SCB,538
P473CDM,969
R981066ONZ,894
OCG1089,443
R34491ONZ,492
R34247ONZ,694
R55072ONZ,927
R31594ONZ,443
R53024CNZ,373
R53057SCB,216
R31550CNZ,984
AFN0888,260
AFN0505,796
R55040ONZ,657
R781099SCB,470
R34317ONZ,756
OCG1034,936
R45926ONZ,468
P440CDP,517
R55151CNZ,973
R55151ONZ,257
AFN2168,217
R981958ONZ,758
AFN0930,679
R54036SCB,832
OCG0441,745
AFN0875,776
OCG1118,810
AFN0791,707
R781767SCB,255
OCG1153,885
AFN1399,845
AFN1039,364
AFN0732,988
R53012ONZ,619
R55097SCB,876
P1345CDP,495
P649CDM,748
AFN1456,882
R981066SCB,453
R55093CNZ,830
P1041CDM,854
AFN1332,995
AFN1833,746
R31634ONZ,464
P1857CDM,637
AFN1628,940
AFN1866,904
R31369ONZ,482
P817CDP,667
R982123CNZ,256
R53023CNZ,524
R31336SCB,741
OCG1028,326
R31456SCB,813
R34395CNZ,955
R981000ONZ,529
P1090CDP,890
R5375SCB,274
P1596CDP,473
R55127ONZ,462
R53067ONZ,389
R31599ONZ,923
R34307CNZ,281
P1818BCDM,701
OCG1167,990
R31599SCB,845
R55124ONZ,984
AFN1539,830
R5485ONZ,248
R982325ONZ,550
R53062ONZ,577
R34256SCB,394
R31447SCB,887
R54131SCB,267
P1293CDM,321
R34126SCB,959
P1340CDP,624
OCG0801,466
R55156ONZ,366
R54079SCB,995
R31410SCB,841
P941CDM,772
P777CDP,353
R982122SCB,818
AFN1169,757
R31158ONZ,463
R31349ONZ,479
P1498CDM,620
R34039ONZ,473
R55082ONZ,845
R34470SCB,360
R54131ONZ,349
OCG0267,966
P1371CDP,616
P1095CDM,360
R31418SCB,839
P1796CDP,268
P1184CDM,392
R34254ONZ,820
R53063SCB,739
P750CDM,473
AFN1306,866
OCG1210,899
R54130CNZ,839
R54193CNZ,760
R55108ONZ,447
R31353ONZ,341
AFN1259,452
R981470ONZ,396
OCG0633,285
P775CDP,319
AFN1454,305
P853CDM,916
R31541ONZ,554
P1731CDP,289
AFN1844,470
R55040SCB,267
AFN0707,510
R55119SCB,353
R31325CNZ,244
R581999CNZ,790
R55150CNZ,251
R31037SCB,300
OCG0870,508
R34475ONZ,558
AFN1422,549
P1602CDM,618
R31540ONZ,505
AFN0652,450
P1326CDM,755
P451CDM,297
R31311CNZ,586
P1094CDM,272
R53057CNZ,587
AFN1287,239
OCG0250,385
R31404SCB,598
P957CDM,317
R54109SCB,897
R31559ONZ,401
R55147CNZ,240
OCG1138,605
P1628CDM,794
R54027ONZ,712
R31445SCB,961
AFN0741,551
R34444SCB,777
R781767CNZ,945
P1028CDP,501
P551CDM,879
P2089CDM,792
OCG0062,696
P1406CDP,430
R34215CNZ,256
P1033CDM,340
R5394ONZ,936
R55038CNZ,651
AFN1846,574
R982050ONZ,676
R31541SCB,654
AFN0721,781
R55147SCB,213
OCG1007,975
R31316CNZ,396
R31412CNZ,245
P1040CDM,279
AFN1334,977
P1301CDM,868
P1346CDM,843
R54124SCB,718
R31306SCB,958
R31431ONZ,546
R31438SCB,461
R31611SCB,650
R53045ONZ,690
OCG1133,647
R55174ONZ,464
AFN1192,744
AFN0709,324
R53000SCB,363
AFN1324,555
AFN1791,740
R34428ONZ,384
R582000ONZ,309
R34198CNZ,899
AFN0376,256
R31382ONZ,625
AFN0728,727
P1968CDM,781
R34286SCB,293
OCG1275,748
R34203SCB,845
R54181SCB,282
R31420CNZ,221
R34264ONZ,409
R34167SCB,667
R55102SCB,390
R31481SCB,415
P1188CDM,342
OCG0692,641
R781109ONZ,386
R53001SCB,333
P1540CDM,409
AFN0730,605
R31375SCB,512
AFN1295,575
P1374CDM,278
R54188SCB,578
P961CDM,322
OCG0518,316
R31605CNZ,517
AFN0790,811
P1098CDM,598
OCG0350,721
R3264SCB,819
P1554CDP,467
AFN1860,823
R54078SCB,637
P1337CDM,722
R31263CNZ,973
AFN0882,737
R982436ONZ,937
P1302CDM,443
R31400ONZ,688
P1061CDP,312
R55051ONZ,472
OCG1268,664
R981500SCB,935
R54018ONZ,959
R31335ONZ,742
R31623CNZ,461
R34395ONZ,777
AFN0919,345
R54125ONZ,617
OCG1207,366
R45899ONZ,923
R54187SCB,649
R31529ONZ,989
R31583ONZ,394
R54194ONZ,676
R34248CNZ,961
R31277SCB,876
P1036CDP,677
AFN0470,678
P774CDM,561
P723CDP,281
R34303SCB,738
R31075ONZ,281
R34422ONZ,704
P965CDP,774
P792CDP,261
P1036CDM,969
AFN0897,989
AFN1342,790
P2115CDM,980
AFN0952,787
P1159CDM,471
R31625CNZ,717
AFN0477,371
OCG1016,879
R34266ONZ,953
AFN1108,675
R55199CNZ,522
P584CDM,921
AFN1754,467
R31433SCB,838
P1020CDP,883
R31038SCB,605
OCG0697,541
R682072ONZ,951
R34220SCB,843
OCG0652,815
R54102ONZ,461
R55054ONZ,863
OCG0234,353
R34140ONZ,608
R55055ONZ,618
P1649CDM,475
P882CDP,217
R31391ONZ,248
AFN1156,428
P1521CDM,973
AFN1923,896
R31545SCB,836
P536CDM,894
P1422CDM,249
R34431SCB,310
P2172CDM,318
R53062SCB,761
R34101ONZ,290
R34401ONZ,652
R55012SCB,525
AFN1365,775
R31435ONZ,705
R31520ONZ,630
P1953CDM,563
AFN1430,925
P1301CDP,765
OCG0611,851
P1202CDM,475
P676CDM,573
R31332ONZ,691
R34284SCB,210
P720CDM,621
P461CDM,990
AFN0940,490
OCG0717,274
R982570ONZ,220
R31414ONZ,476
OCG0311,207
AFN1401,908
AFN2087,681
OCG1198,352
P790CDM,903
P1334CDP,901
R31505SCB,792
OCG0353,323
OCG0264,325
R31387ONZ,689
R31477SCB,590
OCG0214,738
R31159SCB,315
AFN0824,517
AFN1826,469
OCG1264,804
R54135ONZ,586
AFN1107,537
AFN1159,493
P1334CDM,762
OCG0625,893
R31569ONZ,576
P602CDM,676
OCG0226,431
R31600CNZ,411
R55185ONZ,364
AFN0749,805
R31435SCB,991
OCG0588,814
AFN1293,264
R54160SCB,200
OCG0240,553
OCG1122,289
R31367SCB,634
R582039ONZ,558
OCG0846,776
P374CDM,435
P1105CDM,846
P1372CDP,563
R54032SCB,915
R982051ONZ,552
P1510CDP,599
AFN1839,936
R31444SCB,697
R34237ONZ,399
OCG0178,878
P1473CDM,757
OCG0127,702
R55168ONZ,318
R54134SCB,552
P2186CDM,960
AFN1316,985
P1368CDM,649
R31052ONZ,739
R54070ONZ,852
P440CDM,808
AFN0841,661
R53014ONZ,945
P996CDM,996
R53038CNZ,535
R31365ONZ,601
R31447CNZ,685
R681951CNZ,782
P506CDM,918
R31512SCB,473
R31411SCB,339
P1073CDP,312
P722CDM,493
R31029SCB,454
P1371CDM,865
R34390SCB,518
R54070SCB,531
R31424CNZ,373
P1083CDM,580
P1103CDM,776
P2057CDM,901
AFN1381,608
AFN0563,419
AFN0571,753
R582457ONZ,846
P1830CDP,960
R54121ONZ,382
P660CDM,399
AFN1277,328
P1399CDM,467
P1363CDM,208
R53004ONZ,982
R31366CNZ,667
R34349SCB,222
R31417SCB,689
P1376CDM,837
P838CDP,621
AFN0937,364
R982543ONZ,832
R31295ONZ,568
P1734CDM,521
R5382ONZ,336
R982124ONZ,662
P928CDP,324
OCG0141,239
AFN0817,693
P1805CDM,761
AFN1857,288
P1078CDM,684
P682CDM,513
P409CDP,586
P1847CDM,777
R981214ONZ,803
R981000SCB,362
AFN2032,469
P1263CDP,718
P974CDM,265
P946CDM,501
AFN0908,453
P1314CDM,864
AFN0928,568
OCG0446,433
R34317SCB,327
R31245SCB,529
P634CDM,712
R982126ONZ,556
P1172CDM,762
R34306ONZ,898
R781767ONZ,791
P1733CDM,465
R53011SCB,301
R31463SCB,967
P1897CDM,834
P647CDP,325
AFN1019,507
R31149ONZ,831
AFN2169,222
R582374ONZ,707
P741CDM,772
R55112ONZ,273
R55172ONZ,319
R681993ONZ,940
R31406ONZ,644
AFN2178,551
AFN0804,788
R681995ONZ,686
P1409CDM,661
AFN1559,993
P1893CDP,681
R55148ONZ,868
AFN1809,513
R681952ONZ,789
R31366SCB,979
AFN1161,600
R31370SCB,206
AFN1094,713
AFN1816,682
P730CDP,812
P2094CDM,577
AFN1805,939
R31057ONZ,685
OCG0677,746
R31243SCB,571
R34499ONZ,695
P1539CDM,612
P1111CDM,660
AFN0473,915
OCG0409,862
P922CDM,773
OCG0339,618
P613CDM,881
P562CDM,783
P843CDM,524
OCG0857,886
R5356ONZ,524
AFN1821,213
R34228SCB,991
P1632CDM,942
AFN1188,922
R34498SCB,213
R982067ONZ,212
R34269CNZ,820
R31608CNZ,200
OCG1008,867
AFN0613,829
P1341CDM,955
OCG0586,938
R55157SCB,653
R31623ONZ,294
P970CDM,843
P1447CDM,421
R31449ONZ,490
AFN2076,646
R31518ONZ,202
AFN0670,535
R982159ONZ,783
R31389ONZ,631
R782497ONZ,753
OCG0140,559
AFN0904,909
AFN0868,222
R982044SCB,893
P1793CDP,204
R31314SCB,427
R55199ONZ,461
OCG1193,253
OCG0590,648
P948CDP,929
R34491SCB,241
P835CDM,462
P503CDM,689
R31388ONZ,378
P2223CDM,542
P840FCDM,868
P1921CDM,702
P750CDP,433
P612CDM,279
P1022CDP,373
OCG0566,879
P1719CDP,623
OCG1126,244
AFN0813,360
R3296ONZ,923
AFN0848,484
OCG0301,445
OCG1191,685
P2135CDM,519
R982048ONZ,968
P374CDP,645
P1866CDM,324
P2100CDM,999
P1359CDM,869
R34294ONZ,227
P2173CDM,209
OCG0864,266
R34248SCB,228
P412CDM,860
AFN1650,963
OCG0838,510
OCG0539,892
R31488SCB,737
AFN1915,230
AFN2025,681
R981019SCB,492
P1277CDP,323
R31456ONZ,921
R31555SCB,341
R34475SCB,474
R982109ONZ,885
P1653CDM,716
R53071SCB,529
R54175SCB,524
OCG1093,780
P1400CDM,978
P1361CDM,386
P1279CDM,361
AFN2200,656
AFN1260,693
R31299SCB,884
R31043ONZ,809
P1082CDM,319
OCG0384,215
R54186SCB,338
R54166ONZ,871
R55138ONZ,962
OCG0121,293
R982125ONZ,491
R55165ONZ,561
R31497ONZ,212
R54103ONZ,968
P1423CDM,706
R31415ONZ,339
OCG0826,387
R54131CNZ,523
OCG0349,807
R981000CNZ,381
OCG0299,792
R53044SCB,956
P816CDP,836
P1091CDP,313
P1965CDM,864
P835CDP,532
P1923CDM,685
R31532ONZ,261
R981086ONZ,640
OCG0351,357
R34231CNZ,847
OCG0011,270
OCG0344,776
AFN0785,242
AFN0946,796
R53025SCB,354
P1057CDM,635
P957CDP,911
OCG1130,544
P1324CDM,928
R34265SCB,378
R53022SCB,958
R31438CNZ,615
R31542CNZ,551
R31504SCB,992
AFN1307,703
OCG0650,674
AFN0838,799
R982566ONZ,759
R31491ONZ,231
R31504ONZ,375
R981053CNZ,468
P997CDP,529
P1113CDM,836
AFN1009,619
P333CDP,488
AFN0771,227
R31493SCB,835
R31528ONZ,725
R681781SCB,929
P1316CDM,769
R581999SCB,440
OCG0337,747
P1005CDP,657
AFN1083,943
AFN1829,281
R31543SCB,934
OCG1139,815
OCG0334,666
AFN0792,854
P876CDM,959
R31522ONZ,807
P997CDM,749
OCG0260,531
R31318CNZ,985
OCG0681,962
R55160ONZ,320
AFN1453,277
R581043ONZ,937
R55066ONZ,279
R54154CNZ,224
R55157CNZ,731
R54141SCB,748
R54143SCB,725
R982069ONZ,888
R782040ONZ,584
OCG0020,664
P1004CDP,660
R31396SCB,693
AFN1632,388
R31357CNZ,279
R31465SCB,490
R981956ONZ,705
R981165ONZ,580
OCG0478,819
P881CDP,855
AFN0476,475
R5397SCB,241
OCG0270,276
R34182CNZ,440
R31470SCB,908
AFN0648,223
R55069SCB,624
R54105SCB,539
P1087CDM,769
R681951ONZ,915
AFN1075,853
R31499ONZ,402
R54101ONZ,838
R982567ONZ,261
P396CDM,943
R34421ONZ,385
P505CDM,709
P791CDM,207
P1623CDM,685
AFN1361,261
R982676ONZ,753
R31507SCB,868
R5370ONZ,393
OCG0540,903
R31610CNZ,724
R34258ONZ,499
OCG1107,259
P1379CDP,461
R31538CNZ,390
OCG0914,470
P905CDM,425
P856CDM,205
P1260CDM,595
OCG1125,883
P1179CDM,660
R55090ONZ,789
P1120CDP,262
R31488ONZ,798
OCG1120,662
P1903CDP,506
R5703ONZ,985
R34145ONZ,599
AFN1910,766
AFN0816,588
P1051CDP,564
OCG0052,353
R982496ONZ,646
OCG0229,756
P1425CDM,262
R55178CNZ,683
R34401CNZ,613
AFN0914,502
AFN0680,661
R31261SCB,685
R982264ONZ,375
P1821CDM,816
P413CDP,547
OCG0206,982
OCG1151,789
R5118SCB,380
P1180CDM,370
R31636CNZ,959
P1090CDM,203
R34505ONZ,754
R31605SCB,856
R31603CNZ,775
P1180CDP,824
P874CDP,257
P1744CDM,565
P882CDM,916
R582031ONZ,633
R980984ONZ,373
P676CDP,560
OCG0787,570
R54011SCB,526
R581913SCB,217
P844CDM,978
P781CDP,683
R31287ONZ,933
P1833CDM,327
OCG1072,708
OCG0535,696
R55083ONZ,824
P1894CDM,325
OCG0836,698
R34287ONZ,992
R31283ONZ,376
P1394CDM,515
OCG0046,497
P1721CDM,825
AFN0858,700
OCG0828,674
R53049SCB,913
OCG0273,924
P579CDP,703
R31546ONZ,722
P1562CDP,614
R55038SCB,989
OCG1129,475
R682446ONZ,394
R55084SCB,575
R31443ONZ,884
AFN0871,275
P928CDM,325
OCG0547,762
P989CDM,753
R31075CNZ,499
R31526SCB,560
R31390ONZ,953
P1430CDM,559
OCG0242,306
P1004CDM,426
R31374ONZ,480
AFN0974,494
P1351CDP,860
R31419ONZ,507
R31365SCB,798
R981835CNZ,584
R31302CNZ,298
OCG1203,581
AFN0855,697
P507CDM,790
R54099SCB,850
AFN1337,538
P771CDM,576
R31306ONZ,437
P954CDP,939
AFN0931,781
AFN1124,406
R31268ONZ,807
R34278ONZ,565
AFN2202,627
P922CDP,637
AFN0998,319
R981943ONZ,398
P1149CDP,941
R982071ONZ,938
R55060SCB,412
AFN1051,912
R34364SCB,583
R54029ONZ,903
R34367SCB,351
P962CDM,485
R31511ONZ,924
R54118ONZ,255
R581913ONZ,414
P1878CDM,328
R982036SCB,940
R54010ONZ,314
R982591ONZ,386
P1872CDP,820
OCG0829,726
R31429SCB,201
R34395SCB,711
R31084SCB,524
OCG0296,296
R5386CNZ,774
P1420CDM,335
OCG0179,310
OCG0341,722
P473CDP,617
R55131ONZ,233
AFN2198,595
AFN1113,541
OCG1165,602
AFN1624,849
AFN1007,427
AFN0636,941
R53041ONZ,903
P2117CDM,691
R31569CNZ,633
R581912ONZ,276
OCG0910,490
R54156SCB,246
R982124SCB,715
P1451CDM,539
R981957ONZ,326
R31363CNZ,487
R31334ONZ,748
P459CDM,442
P1839CDM,948
P1611CDM,653
OCG1032,995
R54187ONZ,777
R31038ONZ,613
R55171CNZ,712
P1003CDM,648
AFN2018,297
P1317CDM,636
R681994CNZ,642
R31592ONZ,797
R31329SCB,725
R55094CNZ,845
AFN0750,666
R31337CNZ,695
P963CDM,933
P2198CDM,667
AFN1363,884
OCG0103,254
P1045CDP,744
OCG0737,840
R31394ONZ,509
AFN1893,283
R54188ONZ,215
AFN1444,667
R31126ONZ,443
P2207CDM,555
P1897CDP,834
P1971CDM,593
R31414SCB,931
P1345CDM,468
P1728CDM,344
AFN0768,702
R31411CNZ,673
OCG0246,587
R53004SCB,827
R31508SCB,212
AFN1719,916
OCG0570,639
P1844CDM,234
OCG0293,762
R34173CNZ,600
AFN1711,943
R31312ONZ,314
OCG1174,249
AFN0506,718
R54109CNZ,350
R53068ONZ,443
P613CDP,532
P884CDM,311
P1800CDP,377
R31539SCB,288
OCG1146,353
R53023ONZ,943
P1107CDM,834
AFN0763,600
R54068ONZ,853
R54042ONZ,349
P798CDP,400
R681781ONZ,535
AFN2065,721
R54152CNZ,339
OCG0759,831
AFN1811,619
R982045ONZ,908
AFN1123,259
OCG0239,622
R45617SCB,481
R54098CNZ,508
R3184ONZ,919
AFN0760,536
R31371SCB,930
R54143ONZ,463
R54130SCB,453
P888CDP,835
P1277CDM,231
P650CDP,231
R981064SCB,319
OCG1147,443
R34324CNZ,255
AFN0997,961
R31584CNZ,220
AFN1303,984
R31661ONZ,432
P1707CDM,346
R34219ONZ,813
OCG0356,643
R53063CNZ,390
R55147ONZ,494
P988CDM,273
OCG0065,276
OCG1274,858
R982434ONZ,341
R31316ONZ,490
R31421ONZ,493
R54010SCB,910
OCG0699,824
R31287SCB,674
OCG0288,330
R34331ONZ,284
R34181CNZ,268
R34256ONZ,835
AFN2156,900
OCG0490,542
P921CDM,632
R981500ONZ,296
R582061ONZ,221
R31546SCB,472
R31389SCB,804
R54176CNZ,691
P627CDP,514
R54079ONZ,992
AFN0782,739
AFN1149,680
AFN0960,604
P711CDP,269
R31453SCB,444
OCG0503,976
OCG0538,983
AFN0325,505
R55071ONZ,324
AFN0731,580
P1119CDM,680
P1903CDM,787
AFN2135,527
AFN1649,217
R582000SCB,245
R31323CNZ,659
AFN2137,941
R31247ONZ,997
P659CDM,315
R31322ONZ,768
R53056CNZ,384
R982311ONZ,337
OCG0312,372
AFN1278,226
R55163SCB,988
R31543ONZ,566
R55085SCB,436
R31626SCB,462
R31547CNZ,561
R55108SCB,427
AFN0699,528
OCG1099,617
P989CDP,533
R34369ONZ,667
R55066CNZ,868
OCG1269,292
OCG0843,566
R982498ONZ,779
AFN1924,478
R55165SCB,328
R54114ONZ,925
OCG1000,251
P1814CDM,736
R31445ONZ,550
R982380ONZ,409
P755CDM,470
R34279SCB,260
R34279ONZ,809
R31510SCB,430
R54108SCB,359
OCG0396,397
R34203ONZ,299
R53006CNZ,578
R31553ONZ,952
R34428SCB,722
P864CDP,460
R31531ONZ,639
OCG0860,345
OCG0284,729
P1279CDP,222
AFN1819,222
AFN1793,720
R31309ONZ,425
R31591SCB,772
R53001ONZ,395
R681995CNZ,440
P1031CDM,268
R53000ONZ,758
P459CDP,586
R31470ONZ,503
R53023SCB,558
P935CDP,849
AFN1004,888
R31348CNZ,784
R31513ONZ,453
P875CDP,556
P953CDM,329
R982513ONZ,412
OCG0696,744
R31567ONZ,240
AFN1509,631
P652CDM,207
AFN1351,435
R31376ONZ,241
P556CDM,731
R34386CNZ,706
OCG1157,807
R53011ONZ,775
OCG1183,699
AFN1554,851
R982104SCB,941
R31363SCB,700
R31318ONZ,810
R54095ONZ,634
P804CDP,421
OCG0328,888
OCG0771,516
R34424ONZ,616
R31553SCB,588
P721CDM,865
R54025SCB,209
R54035ONZ,760
P1014CDP,944
R55095ONZ,688
R54142SCB,850
AFN0529,333
P680CDM,674
R53036CNZ,778
R34287SCB,871
R982008ONZ,624
P1014CDM,788
R5599ONZ,601
AFN1694,213
AFN1896,960
R582031SCB,681
R34414ONZ,216
R31625SCB,841
R31313ONZ,863
P754CDP,521
R981958CNZ,773
R55131SCB,344
P820CDP,898
AFN2094,227
R54100ONZ,828
R55093ONZ,569
AFN1729,919
R34349ONZ,812
R31434ONZ,758
AFN1657,348
P1037CDP,555
R54175ONZ,724
R31328SCB,333
R54162ONZ,412
R55183SCB,812
R982073SCB,644
R55105CNZ,456
R31379ONZ,517
R781950SCB,813
P898CDM,744
R55038ONZ,375
P934CDP,993
P466CDM,549
AFN1119,676
AFN1602,673
P1610CDP,740
P1479CDP,915
P799CDP,419
AFN2100,571
AFN0799,482
AFN0922,480
R31406SCB,962
R53043CNZ,248
P1576CDM,230
P1372CDM,221
P976CDM,662
R31450SCB,465
P1455CDM,979
P710CDM,799
AFN2174,893
P413CDM,603
R53018ONZ,364
R981914CNZ,917
AFN2216,637
R980981ONZ,225
R31549ONZ,396
R34507ONZ,495
R55080SCB,294
P699CDP,657
P1192CDM,274
R5360ONZ,430
OCG0786,997
AFN0956,989
AFN1339,309
AFN1827,525
R54172SCB,893
R681939SCB,975
AFN2089,249
P1264CDM,399
AFN1592,910
P1646CDP,573
P1404CDM,684
R31441ONZ,781
R31615ONZ,600
AFN0835,306
AFN2172,628
OCG0510,674
R31337SCB,955
R582032SCB,288
AFN0889,332
AFN1384,992
AFN1121,565
OCG1224,481
P2183CDM,404
OCG0332,246
P1075CDP,271
R55094SCB,587
OCG1248,208
R31482ONZ,319
R982070ONZ,732
P1015CDP,481
P1762CDP,804
OCG0221,773
R34312CNZ,419
R54193SCB,253
R5382CNZ,919
AFN0775,802
R34401SCB,241
P1075CDM,624
P1306CDM,650
R31623SCB,289
R31397SCB,200
OCG0219,417
R34347ONZ,669
R34371ONZ,598
AFN0934,573
AFN1120,712
R31268SCB,594
AFN1506,720
R34283ONZ,318
R31548SCB,578
R31371ONZ,671
R34237SCB,510
OCG0300,557
R981050SCB,801
AFN1759,307
R981053SCB,333
R31429ONZ,897
R31480ONZ,794
AFN0912,349
P1584CDM,957
OCG0488,369
P1275CDM,825
P31CDM,651
P1158CDM,595
R31483CNZ,816
P1093CDM,239
OCG0556,237
R55054CNZ,436
R31415SCB,489
R31403SCB,946
P1663CDM,748
P635CDM,604
P785CDM,565
R55118SCB,702
R34400ONZ,738
OCG0661,909
AFN1003,242
AFN0369,647
R31458SCB,504
P1852CDP,895
P1865CDM,600
R31310ONZ,768
AFN1317,753
AFN0885,818
R54097CNZ,207
AFN1015,291
AFN1079,741
AFN0464,892
AFN1275,844
R55117CNZ,572
P939CDM,297
P1739CDM,947
R34361ONZ,404
AFN1394,647
R55055CNZ,933
R53041CNZ,746
P913CDM,389
P1733CDP,383
R34234ONZ,707
R31202ONZ,860
R31482SCB,359
AFN0929,846
P273CDM,687
AFN1916,887
P470CDM,477
P1294CDM,571
OCG1163,218
R31533CNZ,703
AFN1172,455
R34209ONZ,700
R682573ONZ,391
P662CDM,977
R31294SCB,428
P1650CDM,941
AFN0923,394
AFN2170,249
R34168SCB,828
OCG0763,586
AFN0921,877
AFN2049,556
R31275SCB,919
R54072ONZ,818
R31427ONZ,560
P1074CDP,366
OCG0872,797
R582034CNZ,876
AFN0666,233
OCG0111,323
P1585CDM,558
R55166ONZ,970
R54173ONZ,551
R31360ONZ,574
R34057ONZ,585
R781087CNZ,285
R682291ONZ,608
R31590SCB,836
P376CDP,854
OCG0628,215
AFN0436,289
P1656CDP,459
P1008CDP,561
R34498CNZ,812
OCG0782,560
P1799CDP,443
AFN0961,244
AFN1631,789
R31468CNZ,908
R31602SCB,385
R31393SCB,416
R31493ONZ,511
OCG0687,347
P1055CDM,237
AFN1835,471
P1296CDM,982
R982113ONZ,331
R31312SCB,528
R54118CNZ,962
P1819CDM,786
P1711CDM,453
OCG0355,428
AFN2224,615
P869CDM,302
P1406CDM,250
R55012ONZ,486
R31147CNZ,577
P975CDP,733
R31227ONZ,563
R982544ONZ,749
R31163SCB,531
OCG0513,931
R54199SCB,331
P946CDP,830
AFN0837,343
OCG0845,407
R54116ONZ,658
OCG1150,264
R34233ONZ,422
R34064ONZ,391
P1736CDP,940
AFN0795,953
R34145SCB,884
OCG0259,256
P1413CDM,521
OCG0275,736
OCG0470,422
P1339CDM,558
R31533SCB,446
AFN0881,467
R54111SCB,314
OCG0802,662
AFN1775,636
R55125CNZ,467
AFN1340,989
OCG1200,218
OCG1212,933
R31494ONZ,706
R31402ONZ,258
P1080CDM,389
AFN0777,352
R31363ONZ,354
AFN1548,534
R31404ONZ,377
R53027SCB,933
OCG0342,271
R55177ONZ,578
R31526ONZ,735
P837CDM,814
P929CDM,854
P806CDM,641
OCG0562,766
P1352CDM,908
R34297ONZ,636
R55036SCB,987
AFN2036,202
R54194CNZ,895
R34023ONZ,552
OCG0876,302
R34487SCB,258
AFN1921,602
R54155ONZ,208
R45898ONZ,543
P751CDM,319
AFN1404,925
AFN1886,907
OCG1194,820
P1333CDP,549
R53026SCB,316
R54035SCB,324
R34291CNZ,375
OCG0621,980
R31061ONZ,629
R31134SCB,871
R5365CNZ,208
OCG0693,335
OCG0716,861
AFN1479,919
P980CDP,810
R53051ONZ,758
AFN2190,559
AFN0727,951
AFN1057,764
OCG0180,356
R781099CNZ,761
R681939ONZ,378
P2224CDM,644
AFN1563,564
OCG1208,722
R54074ONZ,333
AFN1061,634
AFN1080,861
AFN1663,373
OCG0475,362
R54111ONZ,980
P1403CDM,860
P763CDM,261
R982495ONZ,652
P1396CDM,275
OCG0109,751
OCG0506,710
R55112SCB,975
P1018CDM,376
AFN1184,535
P595CDP,215
R31437SCB,509
R31525ONZ,911
OCG0690,630
P1699CDM,852
OCG0333,600
R31489ONZ,679
AFN1630,434
OCG0108,581
R31325ONZ,781
OCG0915,270
AFN1375,371
P683CDM,935
R53024ONZ,413
P1403CDP,350
R31056SCB,839
OCG0136,358
AFN1056,460
R55184CNZ,201
R31590CNZ,496
P228CDM,934
R982091ONZ,805
AFN1686,906
AFN1564,927
AFN0892,536
OCG1140,381
AFN1035,802
P1240CDM,800
OCG0585,424
R31314CNZ,440
P1276CDM,544
P755CDP,841
P1846CDM,363
R55047SCB,554
P598CDM,998
R31361ONZ,318
P858CDM,711
R980630SCB,969
OCG1178,375
P653CDM,592
R582331ONZ,755
AFN1565,314
P739CDM,245
R54050ONZ,832
OCG0370,507
R31452ONZ,637
R980630ONZ,968
R53049ONZ,362
R981957SCB,790
R55122SCB,235
R53056ONZ,759
P1030CDM,212
R54173CNZ,457
R31403ONZ,825
OCG0241,992
AFN1647,368
P722CDP,358
R55128ONZ,616
R31441CNZ,670
P1411CDM,929
R980969ONZ,234
R54110ONZ,680
R31245CNZ,231
P398CDM,497
R34370CNZ,469
P1694CDM,384
AFN0843,307
R34184ONZ,421
OCG1205,862
OCG0580,455
R34143ONZ,550
P698CDP,557
P848CDM,500
R31333ONZ,902
R34100ONZ,424
R55099ONZ,264
P2156CDM,873
R31247SCB,499
P772CDP,738
P930CDM,902
AFN1806,727
R54127ONZ,951
R31611ONZ,417
AFN1258,624
R31603SCB,922
R54166SCB,294
P1916CDM,863
R54130ONZ,483
OCG0282,217
R31043CNZ,547
P884CDP,326
R55114ONZ,535
AFN1357,871
OCG0364,979
R54153ONZ,759
P2065CDM,724
P679CDM,529
OCG0460,284
OCG1228,785
R31495SCB,791
P2168CDM,383
R54168ONZ,474
R55176SCB,347
OCG0074,816
R31552CNZ,365
R31446SCB,475
R54011CNZ,460
P817CDM,683
OCG1270,692
AFN1956,880
OCG0357,370
OCG1214,816
OCG0228,567
P1379CDM,960
R31043SCB,615
P748CDM,445
P1045CDM,557
R54122ONZ,978
AFN1463,706
R31253SCB,650
R31250ONZ,964
R53056SCB,345
R54111CNZ,309
R982044ONZ,637
AFN0815,720
P571CDP,601
R54123ONZ,387
AFN1402,307
AFN2179,869
P998CDM,785
R5396ONZ,847
R55096SCB,279
R31362SCB,601
R54132ONZ,904
R53022CNZ,682
P470CDP,798
P792CDM,754
P1040CDP,678
P600CDP,627
AFN1279,396
P1122CDM,201
AFN1078,691
R31455CNZ,284
P865CDM,763
R55083SCB,837
OCG1278,293
P883CDM,780
R782484SCB,561
R55050SCB,265
R55079ONZ,773
P1165CDM,705
R31509CNZ,641
R981775ONZ,540
AFN1589,244
P1829CDM,644
R31390SCB,936
R34236ONZ,515
R3296SCB,756
R31056ONZ,483
R31457ONZ,323
P1019CDM,273
P1624CDM,433
R31583SCB,601
R31605ONZ,510
R31313CNZ,570
OCG0292,829
R55119ONZ,658
R34367ONZ,458
P370CDM,705
R54113ONZ,688
P667BCDP,668
P687ACDM,862
R31589ONZ,435
AFN0969,255
R54193ONZ,659
R54179ONZ,390
P1047BCDM,647
OCG1121,703
OCG0862,509
OCG0859,590
R55199SCB,871
P2188CDM,323
R55098ONZ,914
R31302ONZ,269
R981771ONZ,812
R53021CNZ,773
R34409ONZ,614
P1794CDM,625
OCG0210,530
AFN2081,913
R982036ONZ,861
AFN1848,324
R781138ONZ,565
R54089ONZ,794
AFN0580,354
R34370ONZ,698
P606CDM,932
P979CDM,870
R31322SCB,550
R54093ONZ,503
OCG0844,937
P721CDP,490
P1871CDM,759
R55144SCB,552
R55150SCB,982
R781087SCB,855
R55084ONZ,701
OCG1172,853
OCG1134,987
R31420ONZ,842
R53019SCB,603
P1123CDM,727
R31369CNZ,747
AFN1352,938
OCG0009,906
AFN1971,480
OCG0278,482
R31315CNZ,694
R54124ONZ,892
AFN1325,338
R54198CNZ,932
R31418ONZ,647
AFN0333,902
R31412SCB,854
P995CDM,220
R982112ONZ,409
R54197CNZ,567
OCG0032,382
OCG0238,528
P2025CDM,414
AFN0976,980
R34425ONZ,552
P1565CDM,467
OCG1142,849
OCG0511,774
R31611CNZ,879
AFN1954,480
OCG0037,281
R55099SCB,261
P987CDM,827
OCG0750,266
R581783ONZ,871
R31159ONZ,742
R981776ONZ,456
P923CDM,1000
R55133ONZ,242
R53013SCB,916
R682574ONZ,596
AFN0556,870
OCG0207,451
P600CDM,468
P1688CDM,535
R31589SCB,573
OCG0021,285
R982348CNZ,741
R31454ONZ,816
OCG0512,865
P1099CDP,739
R31370CNZ,940
OCG0629,477
P1210CDM,487
R31422SCB,972
P830CDM,755
R54108ONZ,577
P986CDM,927
R34359ONZ,699
OCG0423,658
R54078ONZ,566
R31257ONZ,442
R31496ONZ,356
R55055SCB,646
R34324ONZ,506
AFN0503,228
P980CDM,225
P885CDM,433
R981470SCB,622
AFN1122,915
AFN1104,839
AFN1376,710
R53025ONZ,894
P1122CDP,871
R31447ONZ,292
R982041CNZ,885
P661CDP,229
P1019CDP,547
P1106CDM,219
R31531SCB,748
OCG1098,733
P1030CDP,577
AFN1067,400
P617CDM,969
P696CDM,296
P1210CDP,793
P1561CDM,233
P749CDM,824
P886CDP,563
AFN1808,262
R5115ONZ,356
AFN0850,299
AFN0806,297
P1896CDM,300
R31317SCB,585
P1735CDM,596
R31553CNZ,555
P864CDM,232
AFN1878,724
R31347ONZ,855
P2170CDM,636
P1589CDM,403
OCG0569,773
R34208SCB,363
OCG0669,232
R55148SCB,676
AFN0886,430
P1691CDP,802
AFN1774,473
P2270CDM,820
P373CDM,469
AFN0579,650
OCG0321,978
P1886CDM,924
R34386SCB,602
AFN1412,841
AFN1799,279
P2218CDM,415
P2202CDM,678
AFN0945,683
R54137ONZ,519
R981214CNZ,753
R31552ONZ,548
AFN0957,532
P862CDM,799
R54189ONZ,448
P1401CDM,215
P866CDM,729
R34445SCB,814
R34315CNZ,318
P272CDM,339
R55077ONZ,588
AFN1118,244
R31544SCB,208
R31455ONZ,831
R34255SCB,394
OCG0619,611
R34362ONZ,775
AFN0340,230
OCG0087,587
AFN2173,437
P1796CDM,340
AFN0801,491
OCG0295,933
R34301CNZ,576
R34111SCB,298
OCG1102,921
OCG1108,507
R55120ONZ,804
R55070ONZ,346
AFN1347,501
P1893CDM,817
OCG0823,889
AFN1872,394
R31498SCB,753
OCG1257,756
R53003ONZ,757
P919CDM,250
R5389ONZ,711
P1871CDP,636
R34497ONZ,794
AFN1211,250
R31172SCB,571
R34307ONZ,634
AFN1070,457
R34390ONZ,565
P1404CDP,957
P2191CDM,378
R34248ONZ,620
OCG0371,244
P823CDM,994
P1680CDM,555
P1463CDM,750
R54080ONZ,317
R31438ONZ,494
OCG0799,658
P1646CDM,323
R54025ONZ,295
P1465CDM,848
AFN1610,541
R31523ONZ,846
R54012ONZ,445
R34413ONZ,896
R982078ONZ,969
OCG0751,649
R31408CNZ,636
OCG0257,828
R34330SCB,875
P477CDP,893
AFN0999,313
AFN1294,753
R55159ONZ,511
OCG0482,411
R31348SCB,585
AFN0805,651
P1022CDM,403
P1917CDM,376
OCG1155,562
OCG1141,266
OCG0673,974
R982115ONZ,381
R5371SCB,997
R982491ONZ,393
P859CDM,559
R781099ONZ,207
P870CDP,534
R5399CNZ,630
AFN1802,987
R31625ONZ,686
R31052SCB,673
R34368ONZ,621
AFN0618,223
R53071ONZ,909
R54094SCB,224
P828CDM,668
AFN1071,770
P791CDP,412
OCG0631,773
R55132ONZ,873
R31555ONZ,340
AFN1103,894
R31434CNZ,452
P870CDM,357
R54036ONZ,905
OCG1097,914
R34143CNZ,642
OCG0738,744
P937CDM,846
R31544CNZ,667
R31434SCB,339
AFN0918,383
AFN1055,606
AFN1170,803
R31323ONZ,352
AFN1326,282
P2179CDM,892
R34342CNZ,636
R982264SCB,639
AFN0617,808
AFN1406,714
R55194SCB,923
R34470ONZ,460
P822CDM,903
R34269ONZ,843
P960CDM,467
OCG0266,809
P1554CDM,628
R31337ONZ,696
R55162ONZ,867
R31387CNZ,271
R31538ONZ,589
OCG1266,965
AFN1195,443
OCG0866,698
P794CDM,885
P2038CDM,251
R54153SCB,352
P1746CDM,852
OCG0148,902
R34418SCB,453
R54118SCB,743
AFN0829,357
R34299ONZ,880
R31529SCB,584
AFN1938,940
R31317ONZ,652
R34207ONZ,252
P816CDM,639
AFN0665,960
R54114SCB,906
P2200CDM,951
R34360SCB,306
R981019ONZ,613
OCG0718,950
R31435CNZ,286
R31163CNZ,959
R34255ONZ,352
P1610CDM,601
P1357CDM,436
P635CDP,677
R54076ONZ,273
P1273CDP,399
AFN1100,353
P1342CDP,236
P987CDP,238
OCG0389,311
OCG0626,465
R53038SCB,295
R55072CNZ,343
AFN0584,359
R34360ONZ,536
R31243CNZ,764
R31306CNZ,961
R31401ONZ,565
R5599SCB,546
P857CDM,517
R55093SCB,884
OCG0256,446
P1895CDM,285
R34168CNZ,775
R55013ONZ,797
P584CDP,280
R54137CNZ,834
R34143SCB,436
P1381CDM,577
P1841CDP,220
OCG0701,454
OCG0422,203
R53018SCB,838
AFN2223,426
P1402CDM,562
R582034SCB,924
R31425SCB,862
R34263ONZ,569
R53006ONZ,631
AFN0560,494
AFN1058,534
AFN1305,856
R31405CNZ,803
P1186CDM,794
P2216CDM,686
R34342SCB,970
OCG0373,666
R31299CNZ,711
R34348ONZ,688
R54162SCB,626
AFN2045,688
AFN1818S,449
R5371ONZ,654
P904CDP,456
AFN0530,690
R31430ONZ,687
P1009CDP,672
AFN0865,831
AFN1328,501
R31454SCB,941
R31432CNZ,686
R31626CNZ,907
R54125CNZ,816
R31495ONZ,965
R31521ONZ,951
R54181CNZ,348
R34140SCB,250
R31326SCB,303
AFN1843,1000
R34294CNZ,856
OCG0809,675
R34178ONZ,726
R54156ONZ,802
OCG0166,239
OCG0089,232
OCG0319,946
R53040CNZ,827
P1015CDM,378
R31400SCB,384
P888CDM,263
R3483ONZ,408
P1074CDM,543
AFN1801,496
R54117SCB,618
R981503CNZ,212
AFN0711,896
R31460SCB,871
AFN1030,858
OCG1148,376
R54182CNZ,262
P2032CDM,331
P1170CDP,327
P1160CDM,661
P601CDP,989
R981823ONZ,672
OCG0149,301
R3291SCB,306
R31601ONZ,907
R34295ONZ,365
R982111ONZ,538
OCG0674,483
P681CDM,508
R682263CNZ,453
R54103SCB,358
AFN0683,826
AFN1707,614
R31408ONZ,669
R54115SCB,614
R54095CNZ,623
R54100CNZ,852
AFN0920,607
R31567SCB,763
OCG1158,968
P785CDP,813
R982097ONZ,743
AFN1047S,486
R54043ONZ,370
AFN0598,576
P1914CDM,817
P1322CDM,993
R55018ONZ,236
R5397ONZ,957
P1278CDM,341
P729CDM,570
OCG0807,960
AFN1358,278
P850CDM,830
OCG1185,220
R31595SCB,768
R5373SCB,840
P598CDP,302
AFN1331,476
R981050ONZ,452
AFN1722,430
P906CDM,719
OCG1030,623
P1730CDM,231
OCG0248,827
P370CDP,327
R31584ONZ,757
AFN0720,344
OCG0010,298
R31318SCB,687
OCG0376,438
P1129CDM,377
OCG1149,769
P1799CDM,262
AFN1408,935
R34421SCB,960
R34296ONZ,303
OCG0541,269
AFN0650,204
R54017CNZ,977
OCG1152,831
R982129CNZ,760
R31208ONZ,969
R31058CNZ,269
R31476ONZ,924
AFN0781,423
AFN1033,570
OCG0443,318
P1044CDM,314
OCG0159,351
R31340SCB,907
P627CDM,481
R582456ONZ,401
R53009SCB,942
OCG0236,830
R981503ONZ,637
R31368CNZ,864
OCG0195,655
AFN1047B,699
R31256SCB,894
AFN1423,345
AFN1762,299
R31257SCB,411
P532CDP,702
R55034ONZ,643
P1791CDM,888
R582039SCB,404
P1760CDM,798
P1848CDM,542
R31368ONZ,694
R53068SCB,747
AFN0658,577
AFN0653,864
R31607ONZ,658
R5375ONZ,409
AFN1636,868
OCG0880,807
AFN1746,904
R54182SCB,591
OCG0302,943
R55202SCB,709
P2087CDM,699
P892CDP,469
R31386ONZ,509
AFN1042,838
P1195CDP,973
R53048CNZ,641
R5580ONZ,657
R31270CNZ,658
R54143CNZ,800
AFN1114,343
P867CDP,545
P677CDM,933
OCG0480,714
R53021SCB,226
P692CDM,271
R54125SCB,221
R31507ONZ,720
R981053ONZ,871
R53048SCB,205
OCG0735,583
R34428CNZ,245
R34055CNZ,931
P729CDP,801
R31510ONZ,610
AFN1391,919
R982035ONZ,604
R31373SCB,763
P969CDM,905
P391CDM,226
AFN1093,239
R31143ONZ,702
OCG0678,681
AFN0383,261
R31336ONZ,981
R582038ONZ,904
R31374CNZ,493
R55177SCB,579
R54032ONZ,796
R982062SCB,275
P1668CDM,441
R31469SCB,708
R5382SCB,368
R982549ONZ,323
R982153CNZ,600
R782484ONZ,535
P562CDP,766
AFN1720,482
AFN0965,476
P1192CDP,463
R34111ONZ,673
P1729CDM,349
R31361SCB,727
R54088ONZ,402
P841CDM,575
AFN0758,311
OCG0169,574
AFN2218,699
R31522CNZ,983
P733CDM,812
OCG0290,599
R34366SCB,829
OCG0496,822
R55155SCB,611
OCG0160,857
P1309CDP,316
R55078ONZ,674
R31105SCB,782
P947CDP,303
P1337CDP,910
R55080CNZ,880
P1699CDP,319
R55065SCB,283
P1273CDM,843
R31468SCB,859
OCG0217,428
R31458CNZ,659
AFN1558,801
R31266ONZ,567
OCG1225,944
OCG1206,562
R54087SCB,644
R55065ONZ,205
P1456CDM,588
OCG0134,946
P1061CDM,703
R31547SCB,266
OCG0287,792
P795CDM,656
OCG0912,647
P990CDM,461
R31464SCB,366
R53071CNZ,283
P617CDP,279
R53061ONZ,930
R34424SCB,742
P1263CDM,481
R31244SCB,286
R34265ONZ,978
R31555CNZ,225
P1841CDM,318
P1161CDM,619
R31151ONZ,442
P709CDM,952
P1047SCDM,853
P619CDM,434
R5395ONZ,527
P819CDM,499
OCG1258,362
AFN2225,715
R55085ONZ,709
R31516ONZ,892
P873CDP,475
OCG0182,654
R31348ONZ,363
P871CDM,719
P1342CDM,763
R982292ONZ,415
OCG0096,775
P273CDP,592
P824CDM,315
AFN1060,594
R981165SCB,939
OCG0360,932
P1898CDM,579
OCG0849,954
R34418ONZ,979
P532CDM,795
R34368SCB,468
OCG0853,393
AFN0872,979
P2042CDM,777
R54107ONZ,709
OCG0100,959
OCG1273,533
R980984SCB,779
OCG1169,748
P1613CDM,639
R31254ONZ,700
R31029ONZ,521
R681951SCB,516
P1099CDM,432
OCG0749,643
AFN1400,924
P1444CDM,676
P530CDM,546
R55089ONZ,469
AFN2188,484
R5399SCB,303
AFN1895,460
P661CDM,760
AFN0704,223
P726CDP,775
AFN1090,850
R31427CNZ,475
P1546CDM,971
AFN0947,586
R53027ONZ,489
P1596CDM,591
P772CDM,409
AFN2189,452
R781768ONZ,566
R31359ONZ,457
AFN1180,292
R31269ONZ,325
P471CDP,236
R31398ONZ,863
OCG0514,841
R31464ONZ,749
P1330CDM,481
R3295CNZ,275
AFN1771,319
P812CDM,251
R31242ONZ,254
P665CDM,660
R31377ONZ,697
R53036SCB,633
R781769SCB,661
R53012CNZ,699
R45968ONZ,775
R53050SCB,886
R31347SCB,392
OCG0203,811
R31253ONZ,530
R5365ONZ,420
OCG0348,982
P804CDM,495
AFN1841,280
R31277ONZ,867
P872CDP,258
R982362ONZ,704
R782319ONZ,929
OCG1025,387
R31603ONZ,297
OCG0093,688
R31427SCB,442
R31384ONZ,542
AFN0962,318
AFN2221,363
R55125SCB,695
R31512ONZ,801
R31329CNZ,665
OCG0144,911
P900CDP,591
OCG0501,874
R31505ONZ,509
P396CDP,472
R34507SCB,477
R34175ONZ,462
R582458ONZ,883
R31440ONZ,449
AFN0681,738
R582000CNZ,486
R31165ONZ,334
R31084CNZ,801
R981775CNZ,263
R781769ONZ,445
R31294ONZ,904
AFN2074,688
OCG0071,587
OCG0254,886
P579CDM,983
P1912CDM,630
R982055ONZ,766
R34431ONZ,760
R981773SCB,455
P843CDP,915
AFN2219,642
R982129ONZ,853
P1428CDM,549
OCG0013,832
R53012SCB,844
OCG1199,342
R34301ONZ,229
R54017ONZ,940
OCG0197,220
AFN1396,328
R31267CNZ,713
AFN1442,607
R54182ONZ,942
R982073CNZ,811
P1293CDP,931
P1104CDM,906
P1179CDP,311
OCG0536,368
P892CDM,908
R54003ONZ,728
OCG0842,579
R982543CNZ,329
R982511ONZ,710
OCG0310,214
R5362ONZ,949
P1044CDP,899
P1761CDM,624
R34279CNZ,730
R53057ONZ,818
AFN0819,375
OCG1042,784
R34173SCB,380
OCG1249,808
P1913CDM,779
R53007ONZ,969
R55184ONZ,876
R31267SCB,450
R31517SCB,334
R31266SCB,673
R55191ONZ,708
P1663CDP,347
AFN1654,470
R31498ONZ,450
R55098SCB,933
R31436SCB,824
R44903ONZ,597
P889CDM,282
R45617ONZ,445
AFN0484,462
R55096ONZ,977
R55175ONZ,540
AFN1728,956
P1325CDM,231
R31416SCB,749
R5580SCB,767
R53051SCB,570
R31304SCB,468
R31315ONZ,294
R31408SCB,981
R982273ONZ,206
P674SCDP,454
R31584SCB,619
OCG0997,755
P1936CDM,556
OCG1162,446
OCG1159,387
R31259CNZ,329
OCG0322,645
R54030SCB,829
OCG0347,962
OCG0507,435
AFN1040,258
R53069SCB,625
R34291ONZ,543
R981470CNZ,232
P1118CDM,763
R55202ONZ,820
R55155ONZ,247
R54179SCB,380
R31480SCB,419
P707CDM,812
OCG0640,481
R31540SCB,253
P1376CDP,625
AFN0396,361
R34426SCB,911
R981421CNZ,326
AFN0794,891
R781087ONZ,254
AFN0954,441
R55039ONZ,829
R54087ONZ,754
P1303CDM,226
R982055CNZ,344
OCG0515,570
P1375CDM,442
P1068CDM,958
R55087ONZ,565
AFN1374,766
OCG0871,327
P847CDM,648
P1864CDM,239
OCG0753,332
R981620ONZ,852
R31491SCB,257
OCG0688,971
OCG0313,650
R55196ONZ,981
AFN0409,937
R31571SCB,773
R55081ONZ,331
R53005SCB,461
R31261ONZ,644
AFN0953,542
P953CDP,265
R5399ONZ,986
AFN0891,864
AFN1111,708
AFN1633,346
R34231ONZ,782
R31476SCB,235
P1307CDM,380
R31483SCB,787
R31147SCB,789
R34357ONZ,897
R54176SCB,719
R982123ONZ,812
P1060CDM,536
AFN1372,747
P1808CDP,419
AFN0859,612
P1073CDM,463
R31548ONZ,289
R55157ONZ,613
R55185SCB,529
P1819CDP,686
OCG1234,930
P981CDM,296
AFN1687,303
P1467CDM,587
P855CDM,417
P2174CDM,462
R54029CNZ,925
R34055SCB,551
P1258CDM,267
R55097CNZ,313
P798CDM,514
OCG0215,611
P503CDP,301
P484CDM,488
R31270SCB,510
R982611ONZ,414
P881CDM,403
R31357ONZ,520
R31386SCB,293
P732CDM,438
R34203CNZ,504
R31608SCB,903
AFN0989,278
AFN0873,348
R54176ONZ,934
AFN1691,580
R982612ONZ,389
P653CDP,223
R982062CNZ,941
P1039CDM,286
R31523SCB,668
AFN1001,483
P461CDP,341
R31360SCB,660
R682197ONZ,867
R31439ONZ,317
R53064SCB,751
R54098SCB,861
R55192ONZ,602
R31405SCB,946
OCG1222,910
P794CDP,554
OCG1038,417
P999CDM,566
OCG1173,496
AFN0572,897
R31457SCB,993
OCG0232,532
R5484SCB,906
R34396ONZ,554
R31443SCB,235
OCG0504,665
R34317CNZ,662
OCG0509,813
R54126ONZ,909
OCG0088,692
R31542SCB,424
R981004CNZ,420
P963CDP,582
P1058CDM,372
R31600SCB,761
P659CDP,956
R31396ONZ,333
P831CDM,550
OCG1211,726
AFN1053,603
P477CDM,773
R31482CNZ,943
P733CDP,656
OCG0632,434
OCG0827,853
R34426ONZ,421
P869CDP,563
OCG1096,402
OCG0477,544
R31465ONZ,203
P1855CDM,488
AFN1679,291
R54017SCB,962
P1805CDP,647
R3291ONZ,224
R55047ONZ,318
R34298SCB,633
P1412CDM,943
R31293ONZ,502
R31554ONZ,828
OCG0005,817
AFN2199,830
AFN0830,859
R31395ONZ,763
P815CDM,780
R54155SCB,749
OCG0237,551
AFN0762,391
OCG1116,603
P1815CDM,657
AFN1953,314
AFN1901,449
OCG0251,753
AFN1005,745
AFN0867,274
P2074CDM,949
P1474CDM,533
R982292CNZ,275
P2094CDP,553
AFN1968,636
OCG1263,931
AFN1675,890
R53064ONZ,708
OCG1187,352
R981421ONZ,979
R981503SCB,555
R982354ONZ,612
R31321ONZ,984
AFN1421,860
P1008CDM,682
R34386ONZ,488
AFN0820,492
P1332CDM,950
P1806CDM,887
OCG0642,372
P1548CDM,237
AFN2208,978
R582039CNZ,729
OCG0174,261
R31432SCB,262
AFN1304,515
P781CDM,860
AFN1852,239
R31554SCB,785
AFN0803,912
R681994ONZ,960
OCG0303,556
AFN0610,429
OCG1236,580
AFN1840,888
R34168ONZ,758
P551CDP,292
R31015ONZ,710
R681955ONZ,343
R55075ONZ,366
P1405CDM,966
OCG0653,430
R34268ONZ,825
AFN1912,860
R55073ONZ,975
AFN0905,334
AFN0779,268
OCG1166,439
R31424SCB,289
OCG1135,366
R31547ONZ,912
R681953ONZ,752
AFN1446,605
P1204CDM,967
R55036ONZ,343
R31475ONZ,950
AFN1874,813
OCG0261,290
AFN0412,771
OCG0133,636
R31270ONZ,663
P820CDM,636
P1628CDP,324
AFN2117,866
R54196SCB,552
R31159CNZ,490
R34147ONZ,960
P1629CDM,641
AFN0413,253
P754CDM,364
R982488ONZ,825
R31356SCB,640
OCG1216,229
R34247CNZ,639
P998CDP,934
P1447CDP,601
R34488ONZ,676
AFN1273,251
AFN1936,774
R982124CNZ,381
AFN1020,449
OCG0732,202
R55101ONZ,641
AFN0963,804
R31545ONZ,455
R31084ONZ,449
R5370CNZ,521
AFN1081,651
AFN1158,603
OCG0670,997
R31179SCB,423
R31411ONZ,399
P1051CDM,371
R981086CNZ,211
P1081CDM,703
R55079SCB,952
R55126SCB,222
AFN1854,580
R55074SCB,970
P1468CDM,593
OCG0537,900
P702CDM,329
P154CDM,661
R54012SCB,358
AFN1329,837
R31415CNZ,689
P2076CDM,440
P803CDM,366
R31539CNZ,329
P1426CDP,378
R31323SCB,796
R55088ONZ,390
AFN1036,419
AFN1341,884
AFN0853,452
R31612ONZ,852
R53061CNZ,713
AFN0733,473
R31479SCB,846
AFN1074,292
OCG1259,727
R982073ONZ,512
P1048CDM,765
R54154ONZ,579
P1633CDM,382
R31450CNZ,842
P1779CDM,746
AFN1301,240
R53038ONZ,774
R54123SCB,780
R5119ONZ,667
R54091ONZ,57
R31436ONZ,69
R31044ONZ,52
R34411ONZ,79
R31236ONZ,69
R31556ONZ,73
R53015ONZ,69
R681790ONZ,93
R34289ONZ,69
R5550ONZ,98
R34244ONZ,65
R55105ONZ,40
R31160ONZ,75
R447870ONZ,53
R34318ONZ,65
R44767ONZ,68
R3223ONZ,53
R55145ONZ,44
R981786ONZ,83
R35138ONZ,54
R55045ONZ,64
R53060ONZ,86
R31073ONZ,64
R55163ONZ,75
R31284ONZ,68
R55161ONZ,81
R31141ONZ,65
R34300ONZ,75
R43197ONZ,81
R980561ONZ,93
R34112ONZ,66
R34197ONZ,88
R446019ONZ,96
R580771ONZ,99
R5457ONZ,54
R31260ONZ,43
R34417ONZ,43
R980660ONZ,79
R31083ONZ,63
R31574ONZ,78
R34351ONZ,90
R980113ONZ,73
R682085ONZ,46
R982068ONZ,91
R54077ONZ,88
R681782ONZ,53
R5359ONZ,97
R3297ONZ,76
R34333ONZ,66
R982270ONZ,71
R31096ONZ,86
R34387ONZ,76
R44758ONZ,98
R981001ONZ,44
R55062ONZ,92
R54007ONZ,85
R31381ONZ,72
R34246ONZ,48
R55149ONZ,82
R431917ONZ,80
RGCR681017ONZ,51
R34212ONZ,97
R447440ONZ,44
R54167ONZ,91
R44762ONZ,57
R54120ONZ,60
R3293ONZ,77
R34048ONZ,70
R31259ONZ,84
R44765ONZ,100
R45574ONZ,98
R981057ONZ,54
R3203ONZ,98
R34334ONZ,47
R34273ONZ,48
R34146ONZ,72
R34321ONZ,55
R5333ONZ,45
R54915ONZ,53
R981063ONZ,93
R55158ONZ,40
R34420ONZ,50
R5575ONZ,84
R44780ONZ,66
R54092ONZ,92
R53031ONZ,69
R3132ONZ,73
R45556ONZ,93
R5358ONZ,67
R5475ONZ,94
R31114ONZ,54
R31330ONZ,49
R45571ONZ,59
R18A81214AONZ,72
R121.34130ONZ,79
R31156ONZ,41
R5332ONZ,79
R34624ONZ,89
R5432ONZ,93
R53020ONZ,53
R55113ONZ,52
R35137ONZ,62
R31212ONZ,93
R447655ONZ,46
R454640ONZ,66
R31251ONZ,51
R3205ONZ,83
R5519ONZ,49
R55003ONZ,52
R55024ONZ,77
R121.34131ONZ,87
R31437ONZ,85
R581052ONZ,92
R54024ONZ,52
R982049ONZ,64
R3489ONZ,57
R5470ONZ,85
R5522ONZ,48
R31409ONZ,62
R447670ONZ,86
R55092ONZ,65
R3270ONZ,47
R5374ONZ,91
R456974ONZ,85
R3299ONZ,52
R5445ONZ,93
R54063ONZ,49
R54159ONZ,51
R456960ONZ,86
R575196ONZ,71
R53058ONZ,71
R575127ONZ,64
R55121ONZ,42
R55044ONZ,81
R54158ONZ,91
R5364ONZ,67
R5516ONZ,70
R53002ONZ,74
R981506ONZ,69
R31472ONZ,49
R53032ONZ,96
R5473ONZ,74
R5535ONZ,79
R5546ONZ,81
R34217ONZ,96
R34433ONZ,81
R45636ONZ,71
R34210ONZ,70
R31166ONZ,88
R5658ONZ,49
R31139ONZ,81
R31519ONZ,96
R54037ONZ,97
R55107ONZ,100
R340ONZ,41
R5577ONZ,82
R35117ONZ,88
R3215ONZ,84
R5376ONZ,62
R55152ONZ,100
R34075ONZ,59
R55011ONZ,96
R31327ONZ,42
R55056ONZ,64
R422903ONZ,96
R121.67078ONZ,80
R982004ONZ,42
R31255ONZ,75
R31010ONZ,96
R55032ONZ,55
R5556ONZ,46
R34225ONZ,40
R34427ONZ,99
R44842ONZ,69
R982191ONZ,42
RGCR981958ONZ,100
R31328ONZ,91
R55010ONZ,82
R3217ONZ,91
R34053ONZ,77
R34384ONZ,61
R41323ONZ,64
R45697ONZ,99
R454817ONZ,74
R54014ONZ,62
R3199ONZ,100
R5490ONZ,49
R31320ONZ,88
R34200ONZ,57
R5582ONZ,49
R42130ONZ,94
R53017ONZ,41
R31177ONZ,96
R55169ONZ,82
R582037ONZ,74
R31000ONZ,55
R31017ONZ,93
R34188ONZ,76
R34309ONZ,50
R981040ONZ,45
R54112ONZ,69
R55009ONZ,79
R34113ONZ,76
R34259ONZ,68
R43194ONZ,77
R431929ONZ,74
R31478ONZ,98
R34308ONZ,91
R54128ONZ,58
R31274ONZ,74
R34067ONZ,94
R34329ONZ,60
R2940705ONZ,28
R55029ONZ,28
R31286ONZ,48
R55046ONZ,40
R31487ONZ,19
R18A81035AONZ,25
R5331ONZ,29
R55020ONZ,28
R121.35096ONZ,21
R54084ONZ,10
R34316ONZ,23
R34122ONZ,13
R34123ONZ,26
R42290ONZ,10
R54119ONZ,36
R34264RONZ,28
R3257ONZ,18
R447573ONZ,48
R31055ONZ,21
R5355ONZ,42
R5520ONZ,43
R33131ONZ,10
R42310ONZ,50
R982546ONZ,14
R5581ONZ,19
R34272ONZ,33
R34281ONZ,22
R982118ONZ,35
R34198ONZ,30
R31537ONZ,39
R34392ONZ,45
R447567ONZ,35
R5474ONZ,18
R982054ONZ,13
R3282ONZ,33
R35024ONZ,37
R55207ONZ,47
R447901ONZ,42
R981011ONZ,44
R55116ONZ,30
R681954ONZ,15
R5345ONZ,21
R5438ONZ,15
R34502ONZ,44
R44797ONZ,24
R45913ONZ,13
R120.62128ONZ,22
R982146ONZ,16
R53066ONZ,26
R31182ONZ,18
R34262ONZ,19
R34352ONZ,17
R447600ONZ,23
R981780ONZ,42
R31467ONZ,22
R31536ONZ,24
R34407ONZ,41
R3294ONZ,10
R5567ONZ,47
R8099ONZ,35
R981037ONZ,12
R55043ONZ,50
R55042ONZ,13
R980956ONZ,20
R34162ONZ,30
R5329ONZ,34
R54165ONZ,41
R55170ONZ,19
R31201ONZ,25
R5563ONZ,46
R55129ONZ,20
R31002ONZ,27
R34046ONZ,32
R55017ONZ,20
R431939ONZ,16
R980881ONZ,25
R982357ONZ,41
R34214ONZ,27
R55146ONZ,10
R3208ONZ,46
R31341ONZ,15
R34068ONZ,33
R54039ONZ,41
R55057ONZ,43
R121.39040ONZ,37
R34267ONZ,11
R31345ONZ,15
R45481ONZ,23
R54069ONZ,14
R455233ONZ,14
RHL1603ONZ,43
R54104ONZ,33
R34003ONZ,45
R31492ONZ,33
R5491ONZ,20
R34338ONZ,30
R41267ONZ,39
R54190ONZ,21
R54107BONZ,32
R5568ONZ,25
R44714ONZ,36
R456370ONZ,48
R31152ONZ,13
R34330ONZ,39
R31586ONZ,21
R5454ONZ,44
R5544ONZ,13
R34443ONZ,10
R431946ONZ,26
R34625ONZ,19
R43195ONZ,22
R412710ONZ,36
R431958ONZ,22
R447741ONZ,48
R980592ONZ,44
R981010ONZ,17
R34332ONZ,10
R34205ONZ,15
R981021ONZ,16
R34181ONZ,38
R3460ONZ,12
R31296ONZ,25
R34130ONZ,42
R34280ONZ,40
R447471ONZ,20
R447809ONZ,38
R681778ONZ,12
R980939ONZ,21
R980967ONZ,44
R982053ONZ,38
R5330ONZ,16
R5542ONZ,13
R55026ONZ,17
R55143ONZ,35
R3416ONZ,48
R31034ONZ,40
R44756ONZ,32
R54034ONZ,24
R54151ONZ,26
R31466ONZ,31
R34285ONZ,39
R31506ONZ,22
R3182ONZ,10
R31119ONZ,12
R31730ONZ,14
R54038ONZ,42
R54180ONZ,11
R980577ONZ,15
R5386ONZ,27
R34253ONZ,29
R34241ONZ,43
R34383ONZ,13
R45699ONZ,14
R447883ONZ,21
R54019ONZ,30
R682503ONZ,42
R31241ONZ,21
R5487ONZ,22
R31109ONZ,28
R34270ONZ,36
R447625ONZ,19
R34305ONZ,14
R31303ONZ,28
R34227ONZ,35
R31527ONZ,21
R34406ONZ,20
R3116ONZ,31
R41271ONZ,50
R53052ONZ,44
R456993ONZ,10
R981788ONZ,31
R53039ONZ,12
R31272ONZ,32
R31305ONZ,12
R31524ONZ,17
R35122ONZ,12
R45618ONZ,42
R454408ONZ,49
R681785ONZ,37
R34365ONZ,44
R34335ONZ,21
R54033ONZ,18
R34276ONZ,25
R45563ONZ,13
R65149ONZ,13
R34265LONZ,18
RGCR982104ONZ,37
R3218ONZ,33
R982355ONZ,10
R34282ONZ,45
R31123ONZ,44
R34172ONZ,48
R55067ONZ,26
R55142ONZ,13
RGCR681016ONZ,13
R54031ONZ,16
R31407ONZ,11
R31448ONZ,35
R31753ONZ,50
R45933ONZ,26
R54138ONZ,39
R423131ONZ,39
R980729ONZ,35
R54195ONZ,11
R31232ONZ,20
R31383ONZ,38
R54136ONZ,23
R31622ONZ,43
R31319ONZ,32
R44788ONZ,17
R456369ONZ,35
R5456ONZ,11
R54013ONZ,25
R31355ONZ,39
R3186ONZ,38
R31150ONZ,18
R34099ONZ,17
R34226ONZ,33
R45440ONZ,25
R46077ONZ,35
R53037ONZ,21
R34059ONZ,32
R54044ONZ,48
R34320ONZ,29
R31188ONZ,13
R54059ONZ,25
R31146ONZ,36
R45482ONZ,49
R980929ONZ,22
R981022ONZ,46
R14-630005ONZ,23
R55180ONZ,13
R34063ONZ,46
R34490ONZ,27
R44789ONZ,23
R431847ONZ,24
R120.44196ONZ,12
R31604ONZ,31
R53055ONZ,16
R54051ONZ,49
R3222ONZ,50
R5486ONZ,43
R34038ONZ,41
R34382ONZ,31
R44833ONZ,28
R980993ONZ,45
R981056ONZ,50
R227.35136ONZ,18
R54052ONZ,25
R5314ONZ,21
R5547ONZ,30
R34385ONZ,26
R43183ONZ,13
R55109ONZ,12
R980962ONZ,23
R31235ONZ,36
R31331ONZ,20
R55091ONZ,28
R34229ONZ,30
R31049ONZ,22
R31301ONZ,24
R31551ONZ,40
R34009ONZ,19
R45590ONZ,48
R53059ONZ,19
R31228ONZ,24
R5108ONZ,19
R5583ONZ,18
R54066ONZ,43
R412671ONZ,48
R454820ONZ,32
R121.33134ONZ,35
R31399ONZ,45
R31248ONZ,34
R5552ONZ,40
R34250ONZ,37
R34355ONZ,40
R45932ONZ,40
R447751ONZ,26
R980783ONZ,46
R5558ONZ,30
R5578ONZ,25
R3140ONZ,28
R31174ONZ,18
R31350ONZ,18
R44718ONZ,48
R44743ONZ,38
R980552ONZ,41
R980980ONZ,35
R31397ONZ,38
R34346ONZ,11
R34471ONZ,17
R42282ONZ,17
R45523ONZ,31
R54002ONZ,45
R55135ONZ,37
R980883ONZ,37
R981990ONZ,38
R3216ONZ,14
R5472ONZ,17
R5484ONZ,31
R31239ONZ,20
R34251ONZ,13
R45698ONZ,17
R55173ONZ,19
R14-610042ONZ,27
R14-610044ONZ,29
R3108ONZ,23
R5566ONZ,38
R31271ONZ,29
R34486ONZ,31
R41340ONZ,38
R43193ONZ,42
R44774ONZ,17
R34182ONZ,27
R31063ONZ,22
R31071ONZ,28
R53053ONZ,50
R422827ONZ,13
R31292ONZ,42
R31346ONZ,30
R5363ONZ,48
R31161ONZ,21
R34472ONZ,11
R44747ONZ,33
R34065ONZ,19
R55141ONZ,30
R54053ONZ,12
R34232ONZ,15
R31462ONZ,30
R34036ONZ,37
R44722ONZ,44
R413239ONZ,44
R14-620007ONZ,40
RSB96959ONZ,40
R54129ONZ,46
R5388ONZ,33
R31012ONZ,48
R55195ONZ,37
R3267ONZ,13
R3487ONZ,22
R31380ONZ,30
R45564ONZ,50
R681018ONZ,17
R31503ONZ,45
R54075ONZ,19
R34445ONZ,45
R3134ONZ,12
R55028ONZ,31
R3198ONZ,25
R34094ONZ,20
R54016ONZ,16
RGCR981503ONZ,49
R5659ONZ,31
R31133ONZ,17
R3146ONZ,29
R5548ONZ,46
R34011ONZ,34
R41324ONZ,11
R55030ONZ,41
RBR575228ONZ,48
R54157ONZ,24
R55106ONZ,35
R31180ONZ,49
R3124ONZ,20
R34045ONZ,27
R35116ONZ,10
R447438ONZ,35
R981008ONZ,25
R5446ONZ,21
R31118ONZ,12
R44601ONZ,28
R413248ONZ,39
R455757ONZ,32
R3292ONZ,50
R5598ONZ,11
R34252ONZ,18
R44764ONZ,38
R125.61077ONZ,23
R53030ONZ,33
R54021ONZ,26
R31276ONZ,46
R54192ONZ,36
R580770ONZ,19
R980959ONZ,35
R980987ONZ,18
R981020ONZ,41
R54085ONZ,45
R5458ONZ,37
R34432ONZ,13
R55019ONZ,21
R5398ONZ,46
R5448ONZ,49
R31148ONZ,48
R44822ONZ,10
R34202ONZ,24
R34304ONZ,26
R31344ONZ,15
R5593ONZ,14
R31194ONZ,37
R31298ONZ,34
R43184ONZ,15
R45464ONZ,32
R14-610048ONZ,35
R34222ONZ,14
R34091ONZ,28
R34102ONZ,37
R781779ONZ,40
R982122ONZ,17
R34275ONZ,16
R31645ONZ,22
R5440ONZ,23
R31048ONZ,24
R31225ONZ,45
R44744ONZ,23
R45637ONZ,20
R55134ONZ,46
R5347ONZ,39
R31423ONZ,11
R34434ONZ,28
R44760ONZ,26
R31142ONZ,38
R5373ONZ,16
R43191ONZ,29
R55015ONZ,48
R581025ONZ,45
R982052ONZ,11
R54096ONZ,21
R31200ONZ,25
R42313ONZ,24
R53046ONZ,16
R680977ONZ,16
R982547ONZ,36
R14-620011ONZ,36
R34007ONZ,38
R3237ONZ,38
R5461ONZ,40
R981439ONZ,20
R31405ONZ,48
R31326ONZ,30
R55031ONZ,32
R3480ONZ,18
R5319ONZ,11
R980978ONZ,32
R54073ONZ,26
R31378ONZ,14
R34489ONZ,25
R44787ONZ,37
R31100ONZ,12
R31238ONZ,50
R34005ONZ,50
R34176ONZ,25
R34375ONZ,25
R34501ONZ,26
R34120ONZ,18
R54163ONZ,50
R3202ONZ,36
R5387ONZ,27
R5488ONZ,19
R5570ONZ,28
R31474ONZ,32
R54064ONZ,34
R55086ONZ,44
R447718ONZ,10
R9819574ONZ,20
R982092ONZ,34
R682502ONZ,22
R5500ONZ,37
R31342ONZ,22
R34336ONZ,48
R54020ONZ,43
R431978ONZ,43
R34142ONZ,44
R44757ONZ,48
R447580ONZ,36
R31233ONZ,27
R31025ONZ,46
R31169ONZ,17
R34243ONZ,15
R55068ONZ,46
R55104ONZ,21
R34161ONZ,10
R55153ONZ,41
R55041ONZ,37
R31256ONZ,23
R44771ONZ,35
R31534ONZ,23
R980270ONZ,25
R31129ONZ,30
R31033ONZ,40
R31155ONZ,38
R31164ONZ,30
R31461ONZ,16
R34135ONZ,23
R34159ONZ,21
R121.51052ONZ,45
R31053ONZ,32
R34444ONZ,35
R3178ONZ,13
R31279ONZ,38
R34328ONZ,22
R982421ONZ,11
R3235ONZ,43
R3172ONZ,47
R31060ONZ,25
R34416ONZ,21
R682087ONZ,11
R31535ONZ,36
R35113ONZ,21
R94010ONZ,25
R5596ONZ,41
R44772ONZ,30
R31570ONZ,28
R34315ONZ,41
R3455ONZ,37
R31106ONZ,30
R55123ONZ,37
R448223ONZ,26
R5341ONZ,15
R34201ONZ,39
R45696ONZ,41
R3258ONZ,15
R31040ONZ,16
R34322ONZ,48
R44775ONZ,13
R54005ONZ,10
R456989ONZ,32
R8-TQ8154ONZ,26
R125.61062ONZ,15
R41279ONZ,32
R44790ONZ,30
R5459ONZ,36
R31059ONZ,31
R447977ONZ,36
R581034ONZ,46
R31338ONZ,17
R34399ONZ,17
R982346ONZ,28
R31168ONZ,35
R121.61110ONZ,38
R34261ONZ,23
R53016ONZ,23
R5594ONZ,29
R980377ONZ,18
R5541ONZ,12
R31252ONZ,30
R34221ONZ,50
R34325ONZ,24
R3207ONZ,17
R34388ONZ,43
R55014ONZ,26
R54006ONZ,11
R681013ONZ,36
R34405ONZ,22
R3441ONZ,11
R31354ONZ,45
R5447ONZ,26
R31102ONZ,28
R34204ONZ,23
R34410ONZ,16
R18A2950ONZ,38
R55111ONZ,17
R31042ONZ,19
R53029ONZ,49
R34260ONZ,32
R54026ONZ,46
R34374ONZ,25
R45431ONZ,37
R53028ONZ,45
R55154ONZ,24
R53047ONZ,40
R34337ONZ,48
R31471ONZ,28
R43192ONZ,24
R55115ONZ,39
R31054ONZ,46
R980537ONZ,30
R5584ONZ,23
R34435ONZ,20
R980496ONZ,47
R5574ONZ,25
R3289ONZ,35
R5372ONZ,26
R31211ONZ,27
R680998ONZ,47
R980155ONZ,21
R128.62096ONZ,28
R14-610014ONZ,26
R3285ONZ,28
RGCR981214ONZ,32
R54171ONZ,39
R412795ONZ,44
R55102ONZ,22
R31290ONZ,43
R31110ONZ,31
R31451ONZ,47
R981055ONZ,21
R54058ONZ,43
R34277ONZ,41
R780995ONZ,27
R5346ONZ,40
R5569ONZ,39
R31324ONZ,46
R5348ONZ,34
R31222ONZ,35
R982121ONZ,46
R980593ONZ,30
R14-620006ONZ,20
R5357ONZ,48
R45575ONZ,45
R31265ONZ,49
R31530ONZ,48
R18A80990AONZ,39
R982147ONZ,46
P486CDM,37
P1002CDM,38
P655CDM,28
P464CDM,40
P525CDM,30
P1285CDM,22
P526CDM,29
P808CDM,39
P842CDM,38
P910CDM,39
P1226CDM,24
P1298CDM,36
P1445CDM,37
P1630ACDM,31
P485CDM,29
P1013CDM,16
P1267CDM,20
P1832CDM,32
PPC1273CDM,32
PPC1274CDM,16
PTCD1874CDM,40
P184CDM,22
P104.16300CDM,33
P745CDM,30
P821CDM,23
P879CDM,22
P936CDM,16
P764CDM,28
P800CDM,24
P1089CDM,25
PPF1844CDM,28
P394CDM,22
P535CDM,36
P740CDM,24
P902CDM,38
P853ACDM,27
P973CDM,34
P1224CDM,17
P1564CDM,20
P289CDM,26
P500CDM,16
P512CDM,25
P658CDM,37
P1433CDM,36
P769CDM,30
P1593CDM,25
P356CDM,18
P427CDM,17
P719CDM,20
P1631CDM,36
P1910CDM,40
PPF1376CDM,17
P227CDM,40
P673CDM,35
P695CDM,37
P839CDM,23
P917CDM,24
P1069CDM,38
P1563CDM,18
P718CDM,22
P756CDM,27
P840ACDM,32
P421CDM,35
P533CDM,25
P1446CDM,24
P709ACDM,37
P1783CDM,25
P531CDM,18
P538CDM,39
P573CDM,18
P1252CDM,19
P1291CDM,40
P1343CDM,38
P1397CDM,35
PPPC-D1812CDM,36
P716CDM,33
P1414CDM,37
P1543CDM,22
P215CDM,39
P418CDM,28
P942CDM,36
P1212CDM,36
P2102CDM,27
P625CDM,25
P873CDM,21
P1625CDM,27
PPF1432CDM,23
P256CDM,16
P595CDM,29
P1011CDM,21
P1809CDM,35
P392CDM,24
P433CDM,35
P909CDM,39
P951CDM,25
P1023CDM,34
P1028CDM,23
P1241CDM,25
P1353CDM,17
P482CDM,30
P628CDM,18
P1110CDM,28
P1112CDM,17
P149CDM,24
P657CDM,24
P807CDM,28
P900CDM,28
P1092CDM,31
P1552CDM,22
P558CDM,39
P583CDM,36
P834CDM,17
P1047CDM,38
P1366CDM,18
P1743CDM,27
P1282CDM,19
P410CDM,17
P1645CDM,16
P873ECDM,37
P138CDM,25
P279CDM,27
P450CDM,38
P1097CDM,22
P1551CDM,29
P353CDM,22
P375CDM,29
P1415CDM,27
P1111MCDM,35
P363CDM,16
P743CDM,35
P932CDM,30
PPC1540CDM,27
P761CDM,24
P836CDM,17
P1077CDM,29
P1419CDM,20
P1313CDM,18
P672CDM,25
P833CDM,17
P933CDM,30
PPC1589CDM,32
PPC1746CDM,30
P1043CDM,39
P365CDM,31
P753CDM,23
P814CDM,16
P903CDM,29
P1182CDM,26
P34307CDM,34
P1856CDM,28
P1904CDM,36
PPC1561CDM,31
PPC1596CDM,35
P762CDM,17
P404CDM,19
P1281CDM,18
P1816CDM,26
P1834CDM,29
P1978CDM,32
P542CDM,22
P564CDM,21
P765CDM,24
P890CDM,19
P958CDM,24
P667SCDM,25
P377CDM,28
P880CDM,38
P1222CDM,34
P1557CDM,23
P1640CDM,19
P572CDM,29
P170CDM,19
P352CDM,40
P607CDM,24
P744CDM,37
P851CDM,34
P1067CDM,36
PPF768ACDM,36
P1792CDM,37
P203CDM,32
P1836CDM,21
P495CDM,35
P689CDM,29
P1297CDM,25
P1377CDM,32
P1612CDM,36
P1464CDM,32
P1111ACDM,20
P974ACDM,26
P493CDM,37
P1049CDM,30
P523CDM,17
P1164CDM,32
P1272CDM,34
P906ACDM,32
P429CDM,18
P560CDM,30
P637CDM,38
P674CDM,32
P280CDM,29
P943CDM,34
P1594CDM,19
P1595CDM,22
P1818CDM,31
PPC1640CDM,34
P462CDM,20
P1102CDM,20
P1439CDM,16
P423CDM,24
P691CDM,40
P797CDM,19
P1335CDM,37
P1050ACDM,19
P389CDM,19
P430CDM,32
P894CDM,30
P1109CDM,24
P567CDM,37
P621CDM,39
P977CDM,30
P1000CDM,27
P524CDM,40
P591CDM,29
P1185ACDM,36
P537CDM,19
P706CDM,38
P1658CDM,33
P1804CDM,36
P2039CDM,19
PPF1411CDM,25
P378CDM,16
P845CDM,36
P1249CDM,23
P728CDM,28
P544CDM,18
P737CDM,37
P1771CDM,33
P2023CDM,27
P504CDM,38
P697CDM,23
P704CDM,39
P1230CDM,31
P465CDM,20
P496CDM,25
P547CDM,30
P713CDM,29
P736CDM,32
P1319CDM,23
P1724CDM,29
P339CDM,37
P403CDM,16
P766CDM,35
P891CDM,35
P1270CDM,35
P1812CDM,37
P1828CDM,20
P2019CDM,26
P366CDM,39
P474CDM,37
P725CDM,33
P1024CDM,27
P2137CDM,36
P643CDM,40
P104.16361CDM,21
P497CDM,20
P690CDM,25
P924CDM,39
P1336CDM,25
P1111ECDM,25
P561CDM,23
P1659CDM,31
PPF642CDM,28
P670CDM,38
P1507CDM,37
P1692CDM,16
P415CDM,30
P550CDM,39
P656CDM,33
P1016CDM,31
P1021CDM,28
P1398CDM,32
P1117CDM,26
P1915CDM,21
P712CDM,31
P1006CDM,19
P1050CDM,37
P1284CDM,25
P1559CDM,39
P1772CDM,35
P422CDM,34
P501CDM,23
P684CDM,29
P966CDM,30
P1183CDM,24
P522CDM,20
P809CDM,17
P1054CDM,39
P1137CDM,22
P1194CDM,31
P1900CDM,20
P1223CDM,32
P508CDM,36
P1052CDM,23
P1354CDM,18
P1449CDM,16
P340ACDM,31
P603CDM,21
P815ACDM,40
P582CDM,21
P840CDM,25
P1185CDM,35
P436ACDM,21
P329CDM,21
P449CDM,25
P787CDM,23
P899CDM,32
P1066CDM,36
P1327CDM,35
P399CDM,36
P587CDM,38
P1657CDM,30
P465ACDM,26
P832CDM,35
P306CDM,35
P863CDM,20
P1380CDM,16
P1568CDM,24
P897CDM,35
P1268CDM,23
P1544CDM,18
P1157CDM,31
P1440CDM,27
P1686CDM,29
P760ACDM,33
P876ACDM,27
P801CDM,24
P1386CDM,16
P1586CDM,37
P1698CDM,28
P717CDM,34
P336CDM,38
P944CDM,38
P1569CDM,16
PPF1297CDM,16
P1040ACDM,34
PPF1284CDM,39
P310CDM,19
P727CDM,16
P694CDM,19
P1280CDM,16
P1286CDM,27
PPC1679CDM,18
P1693CDM,32
P204CDM,36
P350CDM,26
P593CDM,35
P1038CDM,30
P674ACDM,36
P767CDM,21
P911CDM,23
P1076CDM,20
P1047ACDM,36
P678CDM,36
P1063CDM,17
P1726CDM,27
P408ACDM,28
P199CDM,29
P959CDM,29
P783CDM,26
P972CDM,29
P1181CDM,30
P1258ACDM,35
PPC1759CDM,35
P488CDM,33
P775CDM,20
P818CDM,18
P1085CDM,32
PPF1857CDM,24
P592CDM,20
P759CDM,17
P926CDM,37
P1348CDM,38
P768ACDM,38
P195CDM,18
P589CDM,17
P633CDM,31
P1349CDM,20
P1424CDM,21
P1283CDM,27
P364CDM,36
P849CDM,34
P967CDM,38
P1257CDM,19
P624CDM,16
P1288CDM,34
P1709CDM,18
P417CDM,34
PPF1650CDM,28
P789CDM,24
P1125CDM,21
P1826CDM,30
P2050CDM,27
P702ACDM,35
P599CDM,35
P854CDM,38
P887CDM,36
P1017CDM,20
P555ACDM,26
P840F34055CDM,17
P622CDM,21
P1001ACDM,40
P588CDM,27
P663CDM,17
P1803CDM,34
P888ACDM,29
P554CDM,33
P685CDM,37
P955CDM,28
P1096CDM,19
P1338CDM,30
P1367CDM,16
P1687CDM,37
PPC1734CDM,22
PPC961CDM,26
PPF1075CDM,17
P269CDM,33
P104.16301CDM,24
P747CDM,36
P1364CDM,40
P1432CDM,22
P202CDM,16
P708CDM,26
P1079CDM,29
P1547CDM,33
P1723CDM,21
P1770CDM,27
P2049CDM,26
P105.16291CDM,40
P448CDM,37
P541CDM,28
P714CDM,31
P1879CDM,25
P912CDM,40
P458CDM,35
P283CDM,32
P411CDM,19
P460CDM,34
P555CDM,38
P1813CDM,16
P1877CDM,27
